name,bssid,device_id,device_label,mac_address,ssid,timestamp
sensor_wifi,,4ae192f8-8fd0-49b8-a635-d006bd10ed27,19HL,,,1590105643391
sensor_wifi,,4ae192f8-8fd0-49b8-a635-d006bd10ed27,19HL,,,1590105703445
sensor_wifi,,4ae192f8-8fd0-49b8-a635-d006bd10ed27,19HL,,,1590105763447
sensor_wifi,,4ae192f8-8fd0-49b8-a635-d006bd10ed27,19HL,,,1590105823444
sensor_wifi,,4ae192f8-8fd0-49b8-a635-d006bd10ed27,19HL,,,1590105883436
sensor_wifi,,4ae192f8-8fd0-49b8-a635-d006bd10ed27,19HL,,,1590105943447
sensor_wifi,,4ae192f8-8fd0-49b8-a635-d006bd10ed27,19HL,,,1590106003434
sensor_wifi,,4ae192f8-8fd0-49b8-a635-d006bd10ed27,19HL,,,1590106063372
sensor_wifi,,4ae192f8-8fd0-49b8-a635-d006bd10ed27,19HL,,,1590106123446
sensor_wifi,,4ae192f8-8fd0-49b8-a635-d006bd10ed27,19HL,,,1590106183354
sensor_wifi,,4ae192f8-8fd0-49b8-a635-d006bd10ed27,19HL,,,1590106243444
sensor_wifi,,4ae192f8-8fd0-49b8-a635-d006bd10ed27,19HL,,,1590106303416
sensor_wifi,,4ae192f8-8fd0-49b8-a635-d006bd10ed27,19HL,,,1590106363392
sensor_wifi,,4ae192f8-8fd0-49b8-a635-d006bd10ed27,19HL,,,1590106423432
sensor_wifi,,4ae192f8-8fd0-49b8-a635-d006bd10ed27,19HL,,,1590106483389
sensor_wifi,,4ae192f8-8fd0-49b8-a635-d006bd10ed27,19HL,,,1590106543429
sensor_wifi,,4ae192f8-8fd0-49b8-a635-d006bd10ed27,19HL,,,1590106603437
sensor_wifi,,4ae192f8-8fd0-49b8-a635-d006bd10ed27,19HL,,,1590106663426
sensor_wifi,,4ae192f8-8fd0-49b8-a635-d006bd10ed27,19HL,,,1590106723435
sensor_wifi,,4ae192f8-8fd0-49b8-a635-d006bd10ed27,19HL,,,1590106783431
sensor_wifi,,4ae192f8-8fd0-49b8-a635-d006bd10ed27,19HL,,,1590106843423
sensor_wifi,,4ae192f8-8fd0-49b8-a635-d006bd10ed27,19HL,,,1590106903439
sensor_wifi,,4ae192f8-8fd0-49b8-a635-d006bd10ed27,19HL,,,1590106963430
sensor_wifi,,4ae192f8-8fd0-49b8-a635-d006bd10ed27,19HL,,,1590107023438
sensor_wifi,,4ae192f8-8fd0-49b8-a635-d006bd10ed27,19HL,,,1590107083435
sensor_wifi,,4ae192f8-8fd0-49b8-a635-d006bd10ed27,19HL,,,1590107143370
sensor_wifi,,4ae192f8-8fd0-49b8-a635-d006bd10ed27,19HL,,,1590107203431
sensor_wifi,,4ae192f8-8fd0-49b8-a635-d006bd10ed27,19HL,,,1590107263433
sensor_wifi,,4ae192f8-8fd0-49b8-a635-d006bd10ed27,19HL,,,1590107323433
sensor_wifi,,4ae192f8-8fd0-49b8-a635-d006bd10ed27,19HL,,,1590107383345
sensor_wifi,,4ae192f8-8fd0-49b8-a635-d006bd10ed27,19HL,,,1590107443337
sensor_wifi,,4ae192f8-8fd0-49b8-a635-d006bd10ed27,19HL,,,1590107503434
sensor_wifi,,4ae192f8-8fd0-49b8-a635-d006bd10ed27,19HL,,,1590107563352
sensor_wifi,,4ae192f8-8fd0-49b8-a635-d006bd10ed27,19HL,,,1590107623432
sensor_wifi,,4ae192f8-8fd0-49b8-a635-d006bd10ed27,19HL,,,1590107683433
sensor_wifi,,4ae192f8-8fd0-49b8-a635-d006bd10ed27,19HL,,,1590107743430
sensor_wifi,,4ae192f8-8fd0-49b8-a635-d006bd10ed27,19HL,,,1590107803432
sensor_wifi,,4ae192f8-8fd0-49b8-a635-d006bd10ed27,19HL,,,1590107863426
sensor_wifi,,4ae192f8-8fd0-49b8-a635-d006bd10ed27,19HL,,,1590107923434
sensor_wifi,,4ae192f8-8fd0-49b8-a635-d006bd10ed27,19HL,,,1590107983429
sensor_wifi,,4ae192f8-8fd0-49b8-a635-d006bd10ed27,19HL,,,1590108043422
sensor_wifi,,4ae192f8-8fd0-49b8-a635-d006bd10ed27,19HL,,,1590108103425
sensor_wifi,,4ae192f8-8fd0-49b8-a635-d006bd10ed27,19HL,,,1590108163388
sensor_wifi,,4ae192f8-8fd0-49b8-a635-d006bd10ed27,19HL,,,1590108223429
sensor_wifi,,4ae192f8-8fd0-49b8-a635-d006bd10ed27,19HL,,,1590108283365
sensor_wifi,,4ae192f8-8fd0-49b8-a635-d006bd10ed27,19HL,,,1590108343427
sensor_wifi,,4ae192f8-8fd0-49b8-a635-d006bd10ed27,19HL,,,1590108403412
sensor_wifi,,4ae192f8-8fd0-49b8-a635-d006bd10ed27,19HL,,,1590108463424
sensor_wifi,,4ae192f8-8fd0-49b8-a635-d006bd10ed27,19HL,,,1590108523433
sensor_wifi,,4ae192f8-8fd0-49b8-a635-d006bd10ed27,19HL,,,1590108583430
sensor_wifi,,4ae192f8-8fd0-49b8-a635-d006bd10ed27,19HL,,,1590108643434
sensor_wifi,,4ae192f8-8fd0-49b8-a635-d006bd10ed27,19HL,,,1590108703390
sensor_wifi,,4ae192f8-8fd0-49b8-a635-d006bd10ed27,19HL,,,1590108763380
sensor_wifi,,4ae192f8-8fd0-49b8-a635-d006bd10ed27,19HL,,,1590108823405
sensor_wifi,,4ae192f8-8fd0-49b8-a635-d006bd10ed27,19HL,,,1590108883398
sensor_wifi,,4ae192f8-8fd0-49b8-a635-d006bd10ed27,19HL,,,1590108943370
sensor_wifi,,4ae192f8-8fd0-49b8-a635-d006bd10ed27,19HL,,,1590109003429
sensor_wifi,,4ae192f8-8fd0-49b8-a635-d006bd10ed27,19HL,,,1590109063388
sensor_wifi,,4ae192f8-8fd0-49b8-a635-d006bd10ed27,19HL,,,1590109123377
sensor_wifi,,4ae192f8-8fd0-49b8-a635-d006bd10ed27,19HL,,,1590109183402
sensor_wifi,,4ae192f8-8fd0-49b8-a635-d006bd10ed27,19HL,,,1590109243409
sensor_wifi,,4ae192f8-8fd0-49b8-a635-d006bd10ed27,19HL,,,1590109303404
sensor_wifi,,4ae192f8-8fd0-49b8-a635-d006bd10ed27,19HL,,,1590109363425
sensor_wifi,,4ae192f8-8fd0-49b8-a635-d006bd10ed27,19HL,,,1590109423350
sensor_wifi,,4ae192f8-8fd0-49b8-a635-d006bd10ed27,19HL,,,1590109483427
sensor_wifi,,4ae192f8-8fd0-49b8-a635-d006bd10ed27,19HL,,,1590109543432
sensor_wifi,,4ae192f8-8fd0-49b8-a635-d006bd10ed27,19HL,,,1590109603420
sensor_wifi,,4ae192f8-8fd0-49b8-a635-d006bd10ed27,19HL,,,1590109663428
sensor_wifi,,4ae192f8-8fd0-49b8-a635-d006bd10ed27,19HL,,,1590109723386
sensor_wifi,,4ae192f8-8fd0-49b8-a635-d006bd10ed27,19HL,,,1590109783426
sensor_wifi,,4ae192f8-8fd0-49b8-a635-d006bd10ed27,19HL,,,1590109843419
sensor_wifi,,4ae192f8-8fd0-49b8-a635-d006bd10ed27,19HL,,,1590109903429
sensor_wifi,,4ae192f8-8fd0-49b8-a635-d006bd10ed27,19HL,,,1590109963422
sensor_wifi,,4ae192f8-8fd0-49b8-a635-d006bd10ed27,19HL,,,1590110023425
sensor_wifi,,4ae192f8-8fd0-49b8-a635-d006bd10ed27,19HL,,,1590110083422
sensor_wifi,,4ae192f8-8fd0-49b8-a635-d006bd10ed27,19HL,,,1590110143426
sensor_wifi,,4ae192f8-8fd0-49b8-a635-d006bd10ed27,19HL,,,1590110203418
sensor_wifi,,4ae192f8-8fd0-49b8-a635-d006bd10ed27,19HL,,,1590110263425
sensor_wifi,,4ae192f8-8fd0-49b8-a635-d006bd10ed27,19HL,,,1590110323420
sensor_wifi,,4ae192f8-8fd0-49b8-a635-d006bd10ed27,19HL,,,1590110383427
sensor_wifi,,4ae192f8-8fd0-49b8-a635-d006bd10ed27,19HL,,,1590110443419
sensor_wifi,,4ae192f8-8fd0-49b8-a635-d006bd10ed27,19HL,,,1590110503427
sensor_wifi,,4ae192f8-8fd0-49b8-a635-d006bd10ed27,19HL,,,1590110563418
sensor_wifi,,4ae192f8-8fd0-49b8-a635-d006bd10ed27,19HL,,,1590110623425
sensor_wifi,,4ae192f8-8fd0-49b8-a635-d006bd10ed27,19HL,,,1590110683419
sensor_wifi,,4ae192f8-8fd0-49b8-a635-d006bd10ed27,19HL,,,1590110743420
sensor_wifi,,4ae192f8-8fd0-49b8-a635-d006bd10ed27,19HL,,,1590110803381
sensor_wifi,,4ae192f8-8fd0-49b8-a635-d006bd10ed27,19HL,,,1590110863423
sensor_wifi,,4ae192f8-8fd0-49b8-a635-d006bd10ed27,19HL,,,1590110923415
sensor_wifi,,4ae192f8-8fd0-49b8-a635-d006bd10ed27,19HL,,,1590110983411
sensor_wifi,,4ae192f8-8fd0-49b8-a635-d006bd10ed27,19HL,,,1590111043399
sensor_wifi,,4ae192f8-8fd0-49b8-a635-d006bd10ed27,19HL,,,1590111103385
sensor_wifi,,4ae192f8-8fd0-49b8-a635-d006bd10ed27,19HL,,,1590111163392
sensor_wifi,,4ae192f8-8fd0-49b8-a635-d006bd10ed27,19HL,,,1590111223385
sensor_wifi,,4ae192f8-8fd0-49b8-a635-d006bd10ed27,19HL,,,1590111283395
sensor_wifi,,4ae192f8-8fd0-49b8-a635-d006bd10ed27,19HL,,,1590111343384
sensor_wifi,,4ae192f8-8fd0-49b8-a635-d006bd10ed27,19HL,,,1590111403393
sensor_wifi,,4ae192f8-8fd0-49b8-a635-d006bd10ed27,19HL,,,1590111463384
sensor_wifi,,4ae192f8-8fd0-49b8-a635-d006bd10ed27,19HL,,,1590111523391
sensor_wifi,,4ae192f8-8fd0-49b8-a635-d006bd10ed27,19HL,,,1590111583386
sensor_wifi,,4ae192f8-8fd0-49b8-a635-d006bd10ed27,19HL,,,1590111643390
sensor_wifi,,4ae192f8-8fd0-49b8-a635-d006bd10ed27,19HL,,,1590111703381
sensor_wifi,,4ae192f8-8fd0-49b8-a635-d006bd10ed27,19HL,,,1590111763387
sensor_wifi,,4ae192f8-8fd0-49b8-a635-d006bd10ed27,19HL,,,1590111823378
sensor_wifi,,4ae192f8-8fd0-49b8-a635-d006bd10ed27,19HL,,,1590111883385
sensor_wifi,,4ae192f8-8fd0-49b8-a635-d006bd10ed27,19HL,,,1590111943379
sensor_wifi,,4ae192f8-8fd0-49b8-a635-d006bd10ed27,19HL,,,1590112003386
sensor_wifi,,4ae192f8-8fd0-49b8-a635-d006bd10ed27,19HL,,,1590112063383
sensor_wifi,,4ae192f8-8fd0-49b8-a635-d006bd10ed27,19HL,,,1590112123385
sensor_wifi,,4ae192f8-8fd0-49b8-a635-d006bd10ed27,19HL,,,1590112183374
sensor_wifi,,4ae192f8-8fd0-49b8-a635-d006bd10ed27,19HL,,,1590112243384
sensor_wifi,,4ae192f8-8fd0-49b8-a635-d006bd10ed27,19HL,,,1590112303382
sensor_wifi,,4ae192f8-8fd0-49b8-a635-d006bd10ed27,19HL,,,1590112363381
sensor_wifi,,4ae192f8-8fd0-49b8-a635-d006bd10ed27,19HL,,,1590112423381
sensor_wifi,,4ae192f8-8fd0-49b8-a635-d006bd10ed27,19HL,,,1590112483379
sensor_wifi,,4ae192f8-8fd0-49b8-a635-d006bd10ed27,19HL,,,1590112543377
sensor_wifi,,4ae192f8-8fd0-49b8-a635-d006bd10ed27,19HL,,,1590112603379
sensor_wifi,,4ae192f8-8fd0-49b8-a635-d006bd10ed27,19HL,,,1590112663319
sensor_wifi,,4ae192f8-8fd0-49b8-a635-d006bd10ed27,19HL,,,1590112723361
sensor_wifi,,4ae192f8-8fd0-49b8-a635-d006bd10ed27,19HL,,,1590112783370
sensor_wifi,,4ae192f8-8fd0-49b8-a635-d006bd10ed27,19HL,,,1590112843376
sensor_wifi,,4ae192f8-8fd0-49b8-a635-d006bd10ed27,19HL,,,1590112903284
sensor_wifi,,4ae192f8-8fd0-49b8-a635-d006bd10ed27,19HL,,,1590112963376
sensor_wifi,,4ae192f8-8fd0-49b8-a635-d006bd10ed27,19HL,,,1590113023281
sensor_wifi,,4ae192f8-8fd0-49b8-a635-d006bd10ed27,19HL,,,1590113083339
sensor_wifi,,4ae192f8-8fd0-49b8-a635-d006bd10ed27,19HL,,,1590113143375
sensor_wifi,,4ae192f8-8fd0-49b8-a635-d006bd10ed27,19HL,,,1590113203372
sensor_wifi,,4ae192f8-8fd0-49b8-a635-d006bd10ed27,19HL,,,1590113263366
sensor_wifi,,4ae192f8-8fd0-49b8-a635-d006bd10ed27,19HL,,,1590113323369
sensor_wifi,,4ae192f8-8fd0-49b8-a635-d006bd10ed27,19HL,,,1590113383327
sensor_wifi,,4ae192f8-8fd0-49b8-a635-d006bd10ed27,19HL,,,1590113443369
sensor_wifi,,4ae192f8-8fd0-49b8-a635-d006bd10ed27,19HL,,,1590113503359
sensor_wifi,,4ae192f8-8fd0-49b8-a635-d006bd10ed27,19HL,,,1590113563306
sensor_wifi,,4ae192f8-8fd0-49b8-a635-d006bd10ed27,19HL,,,1590113623273
sensor_wifi,,4ae192f8-8fd0-49b8-a635-d006bd10ed27,19HL,,,1590113683350
sensor_wifi,,4ae192f8-8fd0-49b8-a635-d006bd10ed27,19HL,,,1590113743360
sensor_wifi,,4ae192f8-8fd0-49b8-a635-d006bd10ed27,19HL,,,1590113803351
sensor_wifi,,4ae192f8-8fd0-49b8-a635-d006bd10ed27,19HL,,,1590113863358
sensor_wifi,,4ae192f8-8fd0-49b8-a635-d006bd10ed27,19HL,,,1590113923349
sensor_wifi,,4ae192f8-8fd0-49b8-a635-d006bd10ed27,19HL,,,1590113983323
sensor_wifi,,4ae192f8-8fd0-49b8-a635-d006bd10ed27,19HL,,,1590114043364
sensor_wifi,,4ae192f8-8fd0-49b8-a635-d006bd10ed27,19HL,,,1590114103355
sensor_wifi,,4ae192f8-8fd0-49b8-a635-d006bd10ed27,19HL,,,1590114163362
sensor_wifi,,4ae192f8-8fd0-49b8-a635-d006bd10ed27,19HL,,,1590114223354
sensor_wifi,,4ae192f8-8fd0-49b8-a635-d006bd10ed27,19HL,,,1590114283360
sensor_wifi,,4ae192f8-8fd0-49b8-a635-d006bd10ed27,19HL,,,1590114343352
sensor_wifi,,4ae192f8-8fd0-49b8-a635-d006bd10ed27,19HL,,,1590114403360
sensor_wifi,,4ae192f8-8fd0-49b8-a635-d006bd10ed27,19HL,,,1590114463350
sensor_wifi,,4ae192f8-8fd0-49b8-a635-d006bd10ed27,19HL,,,1590114523360
sensor_wifi,,4ae192f8-8fd0-49b8-a635-d006bd10ed27,19HL,,,1590114583348
sensor_wifi,,4ae192f8-8fd0-49b8-a635-d006bd10ed27,19HL,,,1590114643362
sensor_wifi,,4ae192f8-8fd0-49b8-a635-d006bd10ed27,19HL,,,1590114703360
sensor_wifi,,4ae192f8-8fd0-49b8-a635-d006bd10ed27,19HL,,,1590114763356
sensor_wifi,,4ae192f8-8fd0-49b8-a635-d006bd10ed27,19HL,,,1590114823266
sensor_wifi,,4ae192f8-8fd0-49b8-a635-d006bd10ed27,19HL,,,1590114883268
sensor_wifi,,4ae192f8-8fd0-49b8-a635-d006bd10ed27,19HL,,,1590114943360
sensor_wifi,,4ae192f8-8fd0-49b8-a635-d006bd10ed27,19HL,,,1590115003269
sensor_wifi,,4ae192f8-8fd0-49b8-a635-d006bd10ed27,19HL,,,1590115063263
sensor_wifi,,4ae192f8-8fd0-49b8-a635-d006bd10ed27,19HL,,,1590115123357
sensor_wifi,,4ae192f8-8fd0-49b8-a635-d006bd10ed27,19HL,,,1590115183346
sensor_wifi,,4ae192f8-8fd0-49b8-a635-d006bd10ed27,19HL,,,1590115243355
sensor_wifi,,4ae192f8-8fd0-49b8-a635-d006bd10ed27,19HL,,,1590115303345
sensor_wifi,,4ae192f8-8fd0-49b8-a635-d006bd10ed27,19HL,,,1590115363351
sensor_wifi,,4ae192f8-8fd0-49b8-a635-d006bd10ed27,19HL,,,1590115423344
sensor_wifi,,4ae192f8-8fd0-49b8-a635-d006bd10ed27,19HL,,,1590115483351
sensor_wifi,,4ae192f8-8fd0-49b8-a635-d006bd10ed27,19HL,,,1590115543349
sensor_wifi,,4ae192f8-8fd0-49b8-a635-d006bd10ed27,19HL,,,1590115603353
sensor_wifi,,4ae192f8-8fd0-49b8-a635-d006bd10ed27,19HL,,,1590115663258
sensor_wifi,,4ae192f8-8fd0-49b8-a635-d006bd10ed27,19HL,,,1590115723257
sensor_wifi,,4ae192f8-8fd0-49b8-a635-d006bd10ed27,19HL,,,1590115783349
sensor_wifi,,4ae192f8-8fd0-49b8-a635-d006bd10ed27,19HL,,,1590115843275
sensor_wifi,,4ae192f8-8fd0-49b8-a635-d006bd10ed27,19HL,,,1590115903347
sensor_wifi,,4ae192f8-8fd0-49b8-a635-d006bd10ed27,19HL,,,1590115963289
sensor_wifi,,4ae192f8-8fd0-49b8-a635-d006bd10ed27,19HL,,,1590116023342
sensor_wifi,,4ae192f8-8fd0-49b8-a635-d006bd10ed27,19HL,,,1590116083305
sensor_wifi,,4ae192f8-8fd0-49b8-a635-d006bd10ed27,19HL,,,1590116143342
sensor_wifi,,4ae192f8-8fd0-49b8-a635-d006bd10ed27,19HL,,,1590116203302
sensor_wifi,,4ae192f8-8fd0-49b8-a635-d006bd10ed27,19HL,,,1590116263363
sensor_wifi,,4ae192f8-8fd0-49b8-a635-d006bd10ed27,19HL,,,1590116323335
sensor_wifi,,4ae192f8-8fd0-49b8-a635-d006bd10ed27,19HL,,,1590116383326
sensor_wifi,,4ae192f8-8fd0-49b8-a635-d006bd10ed27,19HL,,,1590116443334
sensor_wifi,,4ae192f8-8fd0-49b8-a635-d006bd10ed27,19HL,,,1590116503340
sensor_wifi,,4ae192f8-8fd0-49b8-a635-d006bd10ed27,19HL,,,1590116563330
sensor_wifi,,4ae192f8-8fd0-49b8-a635-d006bd10ed27,19HL,,,1590116623323
sensor_wifi,,4ae192f8-8fd0-49b8-a635-d006bd10ed27,19HL,,,1590116683264
sensor_wifi,,4ae192f8-8fd0-49b8-a635-d006bd10ed27,19HL,,,1590116743321
sensor_wifi,,4ae192f8-8fd0-49b8-a635-d006bd10ed27,19HL,,,1590116803329
sensor_wifi,,4ae192f8-8fd0-49b8-a635-d006bd10ed27,19HL,,,1590116863322
sensor_wifi,,4ae192f8-8fd0-49b8-a635-d006bd10ed27,19HL,,,1590116923328
sensor_wifi,,4ae192f8-8fd0-49b8-a635-d006bd10ed27,19HL,,,1590116983321
sensor_wifi,,4ae192f8-8fd0-49b8-a635-d006bd10ed27,19HL,,,1590117043324
sensor_wifi,,4ae192f8-8fd0-49b8-a635-d006bd10ed27,19HL,,,1590117103250
sensor_wifi,,4ae192f8-8fd0-49b8-a635-d006bd10ed27,19HL,,,1590117163275
sensor_wifi,,4ae192f8-8fd0-49b8-a635-d006bd10ed27,19HL,,,1590117223324
sensor_wifi,,4ae192f8-8fd0-49b8-a635-d006bd10ed27,19HL,,,1590117283324
sensor_wifi,,4ae192f8-8fd0-49b8-a635-d006bd10ed27,19HL,,,1590117343298
sensor_wifi,,4ae192f8-8fd0-49b8-a635-d006bd10ed27,19HL,,,1590117403321
sensor_wifi,,4ae192f8-8fd0-49b8-a635-d006bd10ed27,19HL,,,1590117463322
sensor_wifi,,4ae192f8-8fd0-49b8-a635-d006bd10ed27,19HL,,,1590117523321
sensor_wifi,,4ae192f8-8fd0-49b8-a635-d006bd10ed27,19HL,,,1590117583320
sensor_wifi,,4ae192f8-8fd0-49b8-a635-d006bd10ed27,19HL,,,1590117643334
sensor_wifi,,4ae192f8-8fd0-49b8-a635-d006bd10ed27,19HL,,,1590117703322
sensor_wifi,,4ae192f8-8fd0-49b8-a635-d006bd10ed27,19HL,,,1590117763318
sensor_wifi,,4ae192f8-8fd0-49b8-a635-d006bd10ed27,19HL,,,1590117823315
sensor_wifi,,4ae192f8-8fd0-49b8-a635-d006bd10ed27,19HL,,,1590117883301
sensor_wifi,,4ae192f8-8fd0-49b8-a635-d006bd10ed27,19HL,,,1590117943312
sensor_wifi,,4ae192f8-8fd0-49b8-a635-d006bd10ed27,19HL,,,1590118003316
sensor_wifi,,4ae192f8-8fd0-49b8-a635-d006bd10ed27,19HL,,,1590118063311
sensor_wifi,,4ae192f8-8fd0-49b8-a635-d006bd10ed27,19HL,,,1590118123313
sensor_wifi,,4ae192f8-8fd0-49b8-a635-d006bd10ed27,19HL,,,1590118183290
sensor_wifi,,4ae192f8-8fd0-49b8-a635-d006bd10ed27,19HL,,,1590118243318
sensor_wifi,,4ae192f8-8fd0-49b8-a635-d006bd10ed27,19HL,,,1590118303311
sensor_wifi,,4ae192f8-8fd0-49b8-a635-d006bd10ed27,19HL,,,1590118363311
sensor_wifi,,4ae192f8-8fd0-49b8-a635-d006bd10ed27,19HL,,,1590118423235
sensor_wifi,,4ae192f8-8fd0-49b8-a635-d006bd10ed27,19HL,,,1590118483313
sensor_wifi,,4ae192f8-8fd0-49b8-a635-d006bd10ed27,19HL,,,1590118543233
sensor_wifi,,4ae192f8-8fd0-49b8-a635-d006bd10ed27,19HL,,,1590118603257
sensor_wifi,,4ae192f8-8fd0-49b8-a635-d006bd10ed27,19HL,,,1590118663231
sensor_wifi,,4ae192f8-8fd0-49b8-a635-d006bd10ed27,19HL,,,1590118723306
sensor_wifi,,4ae192f8-8fd0-49b8-a635-d006bd10ed27,19HL,,,1590118783287
sensor_wifi,,4ae192f8-8fd0-49b8-a635-d006bd10ed27,19HL,,,1590118843308
sensor_wifi,,4ae192f8-8fd0-49b8-a635-d006bd10ed27,19HL,,,1590118903301
sensor_wifi,,4ae192f8-8fd0-49b8-a635-d006bd10ed27,19HL,,,1590118963298
sensor_wifi,,4ae192f8-8fd0-49b8-a635-d006bd10ed27,19HL,,,1590119023296
sensor_wifi,,4ae192f8-8fd0-49b8-a635-d006bd10ed27,19HL,,,1590119083298
sensor_wifi,,4ae192f8-8fd0-49b8-a635-d006bd10ed27,19HL,,,1590119143292
sensor_wifi,,4ae192f8-8fd0-49b8-a635-d006bd10ed27,19HL,,,1590119203297
sensor_wifi,,4ae192f8-8fd0-49b8-a635-d006bd10ed27,19HL,,,1590119263271
sensor_wifi,,4ae192f8-8fd0-49b8-a635-d006bd10ed27,19HL,,,1590119323221
sensor_wifi,,4ae192f8-8fd0-49b8-a635-d006bd10ed27,19HL,,,1590119383236
sensor_wifi,,4ae192f8-8fd0-49b8-a635-d006bd10ed27,19HL,,,1590119443220
sensor_wifi,,4ae192f8-8fd0-49b8-a635-d006bd10ed27,19HL,,,1590119503268
sensor_wifi,,4ae192f8-8fd0-49b8-a635-d006bd10ed27,19HL,,,1590119563213
sensor_wifi,,4ae192f8-8fd0-49b8-a635-d006bd10ed27,19HL,,,1590119623214
sensor_wifi,,4ae192f8-8fd0-49b8-a635-d006bd10ed27,19HL,,,1590119683289
sensor_wifi,,4ae192f8-8fd0-49b8-a635-d006bd10ed27,19HL,,,1590119743285
sensor_wifi,,4ae192f8-8fd0-49b8-a635-d006bd10ed27,19HL,,,1590119803291
sensor_wifi,,4ae192f8-8fd0-49b8-a635-d006bd10ed27,19HL,,,1590119863288
sensor_wifi,,4ae192f8-8fd0-49b8-a635-d006bd10ed27,19HL,,,1590119923285
sensor_wifi,,4ae192f8-8fd0-49b8-a635-d006bd10ed27,19HL,,,1590119983283
sensor_wifi,,4ae192f8-8fd0-49b8-a635-d006bd10ed27,19HL,,,1590120043286
sensor_wifi,,4ae192f8-8fd0-49b8-a635-d006bd10ed27,19HL,,,1590120103282
sensor_wifi,,4ae192f8-8fd0-49b8-a635-d006bd10ed27,19HL,,,1590120163284
sensor_wifi,,4ae192f8-8fd0-49b8-a635-d006bd10ed27,19HL,,,1590120223288
sensor_wifi,,4ae192f8-8fd0-49b8-a635-d006bd10ed27,19HL,,,1590120283288
sensor_wifi,,4ae192f8-8fd0-49b8-a635-d006bd10ed27,19HL,,,1590120343287
sensor_wifi,,4ae192f8-8fd0-49b8-a635-d006bd10ed27,19HL,,,1590120403287
sensor_wifi,,4ae192f8-8fd0-49b8-a635-d006bd10ed27,19HL,,,1590120463288
sensor_wifi,,4ae192f8-8fd0-49b8-a635-d006bd10ed27,19HL,,,1590120523285
sensor_wifi,,4ae192f8-8fd0-49b8-a635-d006bd10ed27,19HL,,,1590120583278
sensor_wifi,,4ae192f8-8fd0-49b8-a635-d006bd10ed27,19HL,,,1590120643254
sensor_wifi,,4ae192f8-8fd0-49b8-a635-d006bd10ed27,19HL,,,1590120703284
sensor_wifi,,4ae192f8-8fd0-49b8-a635-d006bd10ed27,19HL,,,1590120763248
sensor_wifi,,4ae192f8-8fd0-49b8-a635-d006bd10ed27,19HL,,,1590120823277
sensor_wifi,,4ae192f8-8fd0-49b8-a635-d006bd10ed27,19HL,,,1590120883283
sensor_wifi,,4ae192f8-8fd0-49b8-a635-d006bd10ed27,19HL,,,1590120943277
sensor_wifi,,4ae192f8-8fd0-49b8-a635-d006bd10ed27,19HL,,,1590121003280
sensor_wifi,,4ae192f8-8fd0-49b8-a635-d006bd10ed27,19HL,,,1590121063355
sensor_wifi,,4ae192f8-8fd0-49b8-a635-d006bd10ed27,19HL,,,1590121123288
sensor_wifi,,4ae192f8-8fd0-49b8-a635-d006bd10ed27,19HL,,,1590121183287
sensor_wifi,,4ae192f8-8fd0-49b8-a635-d006bd10ed27,19HL,,,1590121243316
sensor_wifi,,4ae192f8-8fd0-49b8-a635-d006bd10ed27,19HL,,,1590121303283
sensor_wifi,,4ae192f8-8fd0-49b8-a635-d006bd10ed27,19HL,,,1590121363289
sensor_wifi,,4ae192f8-8fd0-49b8-a635-d006bd10ed27,19HL,,,1590121423274
sensor_wifi,,4ae192f8-8fd0-49b8-a635-d006bd10ed27,19HL,,,1590121483283
sensor_wifi,,4ae192f8-8fd0-49b8-a635-d006bd10ed27,19HL,,,1590121543277
sensor_wifi,,4ae192f8-8fd0-49b8-a635-d006bd10ed27,19HL,,,1590121603281
sensor_wifi,,4ae192f8-8fd0-49b8-a635-d006bd10ed27,19HL,,,1590121663277
sensor_wifi,,4ae192f8-8fd0-49b8-a635-d006bd10ed27,19HL,,,1590121723283
sensor_wifi,,4ae192f8-8fd0-49b8-a635-d006bd10ed27,19HL,,,1590121783277
sensor_wifi,,4ae192f8-8fd0-49b8-a635-d006bd10ed27,19HL,,,1590121843276
sensor_wifi,,4ae192f8-8fd0-49b8-a635-d006bd10ed27,19HL,,,1590121903276
sensor_wifi,,4ae192f8-8fd0-49b8-a635-d006bd10ed27,19HL,,,1590121963275
sensor_wifi,,4ae192f8-8fd0-49b8-a635-d006bd10ed27,19HL,,,1590122023275
sensor_wifi,,4ae192f8-8fd0-49b8-a635-d006bd10ed27,19HL,,,1590122083273
sensor_wifi,,4ae192f8-8fd0-49b8-a635-d006bd10ed27,19HL,,,1590122143274
sensor_wifi,,4ae192f8-8fd0-49b8-a635-d006bd10ed27,19HL,,,1590122203195
sensor_wifi,,4ae192f8-8fd0-49b8-a635-d006bd10ed27,19HL,,,1590122263222
sensor_wifi,,4ae192f8-8fd0-49b8-a635-d006bd10ed27,19HL,,,1590122323184
sensor_wifi,,4ae192f8-8fd0-49b8-a635-d006bd10ed27,19HL,,,1590122383221
sensor_wifi,,4ae192f8-8fd0-49b8-a635-d006bd10ed27,19HL,,,1590122443196
sensor_wifi,,4ae192f8-8fd0-49b8-a635-d006bd10ed27,19HL,,,1590122503220
sensor_wifi,,4ae192f8-8fd0-49b8-a635-d006bd10ed27,19HL,,,1590122563196
sensor_wifi,,4ae192f8-8fd0-49b8-a635-d006bd10ed27,19HL,,,1590122623219
sensor_wifi,,4ae192f8-8fd0-49b8-a635-d006bd10ed27,19HL,,,1590122683193
sensor_wifi,,4ae192f8-8fd0-49b8-a635-d006bd10ed27,19HL,,,1590122743217
sensor_wifi,,4ae192f8-8fd0-49b8-a635-d006bd10ed27,19HL,,,1590122803193
sensor_wifi,,4ae192f8-8fd0-49b8-a635-d006bd10ed27,19HL,,,1590122863216
sensor_wifi,,4ae192f8-8fd0-49b8-a635-d006bd10ed27,19HL,,,1590122923192
sensor_wifi,,4ae192f8-8fd0-49b8-a635-d006bd10ed27,19HL,,,1590122983266
sensor_wifi,,4ae192f8-8fd0-49b8-a635-d006bd10ed27,19HL,,,1590123043241
sensor_wifi,,4ae192f8-8fd0-49b8-a635-d006bd10ed27,19HL,,,1590123103184
sensor_wifi,,4ae192f8-8fd0-49b8-a635-d006bd10ed27,19HL,,,1590123163263
sensor_wifi,,4ae192f8-8fd0-49b8-a635-d006bd10ed27,19HL,,,1590123223266
sensor_wifi,,4ae192f8-8fd0-49b8-a635-d006bd10ed27,19HL,,,1590123283265
sensor_wifi,,4ae192f8-8fd0-49b8-a635-d006bd10ed27,19HL,,,1590123343266
sensor_wifi,,4ae192f8-8fd0-49b8-a635-d006bd10ed27,19HL,,,1590123403263
sensor_wifi,,4ae192f8-8fd0-49b8-a635-d006bd10ed27,19HL,,,1590123463214
sensor_wifi,,4ae192f8-8fd0-49b8-a635-d006bd10ed27,19HL,,,1590123523262
sensor_wifi,,4ae192f8-8fd0-49b8-a635-d006bd10ed27,19HL,,,1590123583260
sensor_wifi,,4ae192f8-8fd0-49b8-a635-d006bd10ed27,19HL,,,1590123643251
sensor_wifi,,4ae192f8-8fd0-49b8-a635-d006bd10ed27,19HL,,,1590123703208
sensor_wifi,,4ae192f8-8fd0-49b8-a635-d006bd10ed27,19HL,,,1590123763256
sensor_wifi,,4ae192f8-8fd0-49b8-a635-d006bd10ed27,19HL,,,1590123823260
sensor_wifi,,4ae192f8-8fd0-49b8-a635-d006bd10ed27,19HL,,,1590123883256
sensor_wifi,,4ae192f8-8fd0-49b8-a635-d006bd10ed27,19HL,,,1590123943256
sensor_wifi,,4ae192f8-8fd0-49b8-a635-d006bd10ed27,19HL,,,1590124003251
sensor_wifi,,4ae192f8-8fd0-49b8-a635-d006bd10ed27,19HL,,,1590124063256
sensor_wifi,,4ae192f8-8fd0-49b8-a635-d006bd10ed27,19HL,,,1590124123251
sensor_wifi,,4ae192f8-8fd0-49b8-a635-d006bd10ed27,19HL,,,1590124183255
sensor_wifi,,4ae192f8-8fd0-49b8-a635-d006bd10ed27,19HL,,,1590124243245
sensor_wifi,,4ae192f8-8fd0-49b8-a635-d006bd10ed27,19HL,,,1590124303257
sensor_wifi,,4ae192f8-8fd0-49b8-a635-d006bd10ed27,19HL,,,1590124363248
sensor_wifi,,4ae192f8-8fd0-49b8-a635-d006bd10ed27,19HL,,,1590124423253
sensor_wifi,,4ae192f8-8fd0-49b8-a635-d006bd10ed27,19HL,,,1590124483246
sensor_wifi,,4ae192f8-8fd0-49b8-a635-d006bd10ed27,19HL,,,1590124543252
sensor_wifi,,4ae192f8-8fd0-49b8-a635-d006bd10ed27,19HL,,,1590124603247
sensor_wifi,,4ae192f8-8fd0-49b8-a635-d006bd10ed27,19HL,,,1590124663252
sensor_wifi,,4ae192f8-8fd0-49b8-a635-d006bd10ed27,19HL,,,1590124723191
sensor_wifi,,4ae192f8-8fd0-49b8-a635-d006bd10ed27,19HL,,,1590124783249
sensor_wifi,,4ae192f8-8fd0-49b8-a635-d006bd10ed27,19HL,,,1590124843248
sensor_wifi,,4ae192f8-8fd0-49b8-a635-d006bd10ed27,19HL,,,1590124903249
sensor_wifi,,4ae192f8-8fd0-49b8-a635-d006bd10ed27,19HL,,,1590124963223
sensor_wifi,,4ae192f8-8fd0-49b8-a635-d006bd10ed27,19HL,,,1590125023242
sensor_wifi,,4ae192f8-8fd0-49b8-a635-d006bd10ed27,19HL,,,1590125083205
sensor_wifi,,4ae192f8-8fd0-49b8-a635-d006bd10ed27,19HL,,,1590125143240
sensor_wifi,,4ae192f8-8fd0-49b8-a635-d006bd10ed27,19HL,,,1590125203240
sensor_wifi,,4ae192f8-8fd0-49b8-a635-d006bd10ed27,19HL,,,1590125263161
sensor_wifi,,4ae192f8-8fd0-49b8-a635-d006bd10ed27,19HL,,,1590125323241
sensor_wifi,,4ae192f8-8fd0-49b8-a635-d006bd10ed27,19HL,,,1590125383239
sensor_wifi,,4ae192f8-8fd0-49b8-a635-d006bd10ed27,19HL,,,1590125443237
sensor_wifi,,4ae192f8-8fd0-49b8-a635-d006bd10ed27,19HL,,,1590125503229
sensor_wifi,,4ae192f8-8fd0-49b8-a635-d006bd10ed27,19HL,,,1590125563229
sensor_wifi,,4ae192f8-8fd0-49b8-a635-d006bd10ed27,19HL,,,1590125623203
sensor_wifi,,4ae192f8-8fd0-49b8-a635-d006bd10ed27,19HL,,,1590125683228
sensor_wifi,,4ae192f8-8fd0-49b8-a635-d006bd10ed27,19HL,,,1590125743226
sensor_wifi,,4ae192f8-8fd0-49b8-a635-d006bd10ed27,19HL,,,1590125803175
sensor_wifi,,4ae192f8-8fd0-49b8-a635-d006bd10ed27,19HL,,,1590125863200
sensor_wifi,,4ae192f8-8fd0-49b8-a635-d006bd10ed27,19HL,,,1590125923224
sensor_wifi,,4ae192f8-8fd0-49b8-a635-d006bd10ed27,19HL,,,1590125983149
sensor_wifi,,4ae192f8-8fd0-49b8-a635-d006bd10ed27,19HL,,,1590126043222
sensor_wifi,,4ae192f8-8fd0-49b8-a635-d006bd10ed27,19HL,,,1590126103146
sensor_wifi,,4ae192f8-8fd0-49b8-a635-d006bd10ed27,19HL,,,1590126163171
sensor_wifi,,4ae192f8-8fd0-49b8-a635-d006bd10ed27,19HL,,,1590126223147
sensor_wifi,,4ae192f8-8fd0-49b8-a635-d006bd10ed27,19HL,,,1590126283223
sensor_wifi,,4ae192f8-8fd0-49b8-a635-d006bd10ed27,19HL,,,1590126343146
sensor_wifi,,4ae192f8-8fd0-49b8-a635-d006bd10ed27,19HL,,,1590126403167
sensor_wifi,,4ae192f8-8fd0-49b8-a635-d006bd10ed27,19HL,,,1590126463143
sensor_wifi,,4ae192f8-8fd0-49b8-a635-d006bd10ed27,19HL,,,1590126523217
sensor_wifi,,4ae192f8-8fd0-49b8-a635-d006bd10ed27,19HL,,,1590126583193
sensor_wifi,,4ae192f8-8fd0-49b8-a635-d006bd10ed27,19HL,,,1590126643216
sensor_wifi,,4ae192f8-8fd0-49b8-a635-d006bd10ed27,19HL,,,1590126703219
sensor_wifi,,4ae192f8-8fd0-49b8-a635-d006bd10ed27,19HL,,,1590126763213
sensor_wifi,,4ae192f8-8fd0-49b8-a635-d006bd10ed27,19HL,,,1590126823213
sensor_wifi,,4ae192f8-8fd0-49b8-a635-d006bd10ed27,19HL,,,1590126883211
sensor_wifi,,4ae192f8-8fd0-49b8-a635-d006bd10ed27,19HL,,,1590126943211
sensor_wifi,,4ae192f8-8fd0-49b8-a635-d006bd10ed27,19HL,,,1590127003212
sensor_wifi,,4ae192f8-8fd0-49b8-a635-d006bd10ed27,19HL,,,1590127063210
sensor_wifi,,4ae192f8-8fd0-49b8-a635-d006bd10ed27,19HL,,,1590127123123
sensor_wifi,,4ae192f8-8fd0-49b8-a635-d006bd10ed27,19HL,,,1590127183183
sensor_wifi,,4ae192f8-8fd0-49b8-a635-d006bd10ed27,19HL,,,1590127243122
sensor_wifi,,4ae192f8-8fd0-49b8-a635-d006bd10ed27,19HL,,,1590127303116
sensor_wifi,,4ae192f8-8fd0-49b8-a635-d006bd10ed27,19HL,,,1590127363123
sensor_wifi,,4ae192f8-8fd0-49b8-a635-d006bd10ed27,19HL,,,1590127423110
sensor_wifi,,4ae192f8-8fd0-49b8-a635-d006bd10ed27,19HL,,,1590127483114
sensor_wifi,,4ae192f8-8fd0-49b8-a635-d006bd10ed27,19HL,,,1590127543121
sensor_wifi,,4ae192f8-8fd0-49b8-a635-d006bd10ed27,19HL,,,1590127603111
sensor_wifi,,4ae192f8-8fd0-49b8-a635-d006bd10ed27,19HL,,,1590127663119
sensor_wifi,,4ae192f8-8fd0-49b8-a635-d006bd10ed27,19HL,,,1590127723175
sensor_wifi,,4ae192f8-8fd0-49b8-a635-d006bd10ed27,19HL,,,1590127783117
sensor_wifi,,4ae192f8-8fd0-49b8-a635-d006bd10ed27,19HL,,,1590127843107
sensor_wifi,,4ae192f8-8fd0-49b8-a635-d006bd10ed27,19HL,,,1590127903115
sensor_wifi,,4ae192f8-8fd0-49b8-a635-d006bd10ed27,19HL,,,1590127963105
sensor_wifi,,4ae192f8-8fd0-49b8-a635-d006bd10ed27,19HL,,,1590128023113
sensor_wifi,,4ae192f8-8fd0-49b8-a635-d006bd10ed27,19HL,,,1590128083100
sensor_wifi,,4ae192f8-8fd0-49b8-a635-d006bd10ed27,19HL,,,1590128143107
sensor_wifi,,4ae192f8-8fd0-49b8-a635-d006bd10ed27,19HL,,,1590128203098
sensor_wifi,,4ae192f8-8fd0-49b8-a635-d006bd10ed27,19HL,,,1590128263106
sensor_wifi,,4ae192f8-8fd0-49b8-a635-d006bd10ed27,19HL,,,1590128323183
sensor_wifi,,4ae192f8-8fd0-49b8-a635-d006bd10ed27,19HL,,,1590128383168
sensor_wifi,,4ae192f8-8fd0-49b8-a635-d006bd10ed27,19HL,,,1590128443108
sensor_wifi,,4ae192f8-8fd0-49b8-a635-d006bd10ed27,19HL,,,1590128503099
sensor_wifi,,4ae192f8-8fd0-49b8-a635-d006bd10ed27,19HL,,,1590128563121
sensor_wifi,,4ae192f8-8fd0-49b8-a635-d006bd10ed27,19HL,,,1590128623097
sensor_wifi,,4ae192f8-8fd0-49b8-a635-d006bd10ed27,19HL,,,1590128683104
sensor_wifi,,4ae192f8-8fd0-49b8-a635-d006bd10ed27,19HL,,,1590128743095
sensor_wifi,,4ae192f8-8fd0-49b8-a635-d006bd10ed27,19HL,,,1590128803102
sensor_wifi,,4ae192f8-8fd0-49b8-a635-d006bd10ed27,19HL,,,1590128863093
sensor_wifi,,4ae192f8-8fd0-49b8-a635-d006bd10ed27,19HL,,,1590128923100
sensor_wifi,,4ae192f8-8fd0-49b8-a635-d006bd10ed27,19HL,,,1590128983091
sensor_wifi,,4ae192f8-8fd0-49b8-a635-d006bd10ed27,19HL,,,1590129043099
sensor_wifi,,4ae192f8-8fd0-49b8-a635-d006bd10ed27,19HL,,,1590129103083
sensor_wifi,,4ae192f8-8fd0-49b8-a635-d006bd10ed27,19HL,,,1590129163090
sensor_wifi,,4ae192f8-8fd0-49b8-a635-d006bd10ed27,19HL,,,1590129223096
sensor_wifi,,4ae192f8-8fd0-49b8-a635-d006bd10ed27,19HL,,,1590129283121
sensor_wifi,,4ae192f8-8fd0-49b8-a635-d006bd10ed27,19HL,,,1590129343095
sensor_wifi,,4ae192f8-8fd0-49b8-a635-d006bd10ed27,19HL,,,1590129403086
sensor_wifi,,4ae192f8-8fd0-49b8-a635-d006bd10ed27,19HL,,,1590129463091
sensor_wifi,,4ae192f8-8fd0-49b8-a635-d006bd10ed27,19HL,,,1590129523081
sensor_wifi,,4ae192f8-8fd0-49b8-a635-d006bd10ed27,19HL,,,1590129583089
sensor_wifi,,4ae192f8-8fd0-49b8-a635-d006bd10ed27,19HL,,,1590129643078
sensor_wifi,,4ae192f8-8fd0-49b8-a635-d006bd10ed27,19HL,,,1590129703085
sensor_wifi,,4ae192f8-8fd0-49b8-a635-d006bd10ed27,19HL,,,1590129763125
sensor_wifi,,4ae192f8-8fd0-49b8-a635-d006bd10ed27,19HL,,,1590129823107
sensor_wifi,,4ae192f8-8fd0-49b8-a635-d006bd10ed27,19HL,,,1590129883099
sensor_wifi,,4ae192f8-8fd0-49b8-a635-d006bd10ed27,19HL,,,1590129943107
sensor_wifi,,4ae192f8-8fd0-49b8-a635-d006bd10ed27,19HL,,,1590130003112
sensor_wifi,,4ae192f8-8fd0-49b8-a635-d006bd10ed27,19HL,,,1590130063103
sensor_wifi,,4ae192f8-8fd0-49b8-a635-d006bd10ed27,19HL,,,1590130123110
sensor_wifi,,4ae192f8-8fd0-49b8-a635-d006bd10ed27,19HL,,,1590130183102
sensor_wifi,,4ae192f8-8fd0-49b8-a635-d006bd10ed27,19HL,,,1590130243110
sensor_wifi,,4ae192f8-8fd0-49b8-a635-d006bd10ed27,19HL,,,1590130303102
sensor_wifi,,4ae192f8-8fd0-49b8-a635-d006bd10ed27,19HL,,,1590130363107
sensor_wifi,,4ae192f8-8fd0-49b8-a635-d006bd10ed27,19HL,,,1590130423098
sensor_wifi,,4ae192f8-8fd0-49b8-a635-d006bd10ed27,19HL,,,1590130483107
sensor_wifi,,4ae192f8-8fd0-49b8-a635-d006bd10ed27,19HL,,,1590130543130
sensor_wifi,,4ae192f8-8fd0-49b8-a635-d006bd10ed27,19HL,,,1590130603104
sensor_wifi,,4ae192f8-8fd0-49b8-a635-d006bd10ed27,19HL,,,1590130663095
sensor_wifi,,4ae192f8-8fd0-49b8-a635-d006bd10ed27,19HL,,,1590130723103
sensor_wifi,,4ae192f8-8fd0-49b8-a635-d006bd10ed27,19HL,,,1590130783111
sensor_wifi,,4ae192f8-8fd0-49b8-a635-d006bd10ed27,19HL,,,1590130843102
sensor_wifi,,4ae192f8-8fd0-49b8-a635-d006bd10ed27,19HL,,,1590130903125
sensor_wifi,,4ae192f8-8fd0-49b8-a635-d006bd10ed27,19HL,,,1590130963100
sensor_wifi,,4ae192f8-8fd0-49b8-a635-d006bd10ed27,19HL,,,1590131023110
sensor_wifi,,4ae192f8-8fd0-49b8-a635-d006bd10ed27,19HL,,,1590131083103
sensor_wifi,,4ae192f8-8fd0-49b8-a635-d006bd10ed27,19HL,,,1590131143112
sensor_wifi,,4ae192f8-8fd0-49b8-a635-d006bd10ed27,19HL,,,1590131203194
sensor_wifi,,4ae192f8-8fd0-49b8-a635-d006bd10ed27,19HL,,,1590131263112
sensor_wifi,,4ae192f8-8fd0-49b8-a635-d006bd10ed27,19HL,,,1590131323103
sensor_wifi,,4ae192f8-8fd0-49b8-a635-d006bd10ed27,19HL,,,1590131383111
sensor_wifi,,4ae192f8-8fd0-49b8-a635-d006bd10ed27,19HL,,,1590131443103
sensor_wifi,,4ae192f8-8fd0-49b8-a635-d006bd10ed27,19HL,,,1590131503111
sensor_wifi,,4ae192f8-8fd0-49b8-a635-d006bd10ed27,19HL,,,1590131563102
sensor_wifi,,4ae192f8-8fd0-49b8-a635-d006bd10ed27,19HL,,,1590131623127
sensor_wifi,,4ae192f8-8fd0-49b8-a635-d006bd10ed27,19HL,,,1590131683102
sensor_wifi,,4ae192f8-8fd0-49b8-a635-d006bd10ed27,19HL,,,1590131743110
sensor_wifi,,4ae192f8-8fd0-49b8-a635-d006bd10ed27,19HL,,,1590131803185
sensor_wifi,,4ae192f8-8fd0-49b8-a635-d006bd10ed27,19HL,,,1590131863177
sensor_wifi,,4ae192f8-8fd0-49b8-a635-d006bd10ed27,19HL,,,1590131923184
sensor_wifi,,4ae192f8-8fd0-49b8-a635-d006bd10ed27,19HL,,,1590131983176
sensor_wifi,,4ae192f8-8fd0-49b8-a635-d006bd10ed27,19HL,,,1590132043184
sensor_wifi,,4ae192f8-8fd0-49b8-a635-d006bd10ed27,19HL,,,1590132103176
sensor_wifi,,4ae192f8-8fd0-49b8-a635-d006bd10ed27,19HL,,,1590132163184
sensor_wifi,,4ae192f8-8fd0-49b8-a635-d006bd10ed27,19HL,,,1590132223175
sensor_wifi,,4ae192f8-8fd0-49b8-a635-d006bd10ed27,19HL,,,1590132283184
sensor_wifi,,4ae192f8-8fd0-49b8-a635-d006bd10ed27,19HL,,,1590132343175
sensor_wifi,,4ae192f8-8fd0-49b8-a635-d006bd10ed27,19HL,,,1590132403184
sensor_wifi,,4ae192f8-8fd0-49b8-a635-d006bd10ed27,19HL,,,1590132463176
sensor_wifi,,4ae192f8-8fd0-49b8-a635-d006bd10ed27,19HL,,,1590132523183
sensor_wifi,,4ae192f8-8fd0-49b8-a635-d006bd10ed27,19HL,,,1590132583175
sensor_wifi,,4ae192f8-8fd0-49b8-a635-d006bd10ed27,19HL,,,1590132643183
sensor_wifi,,4ae192f8-8fd0-49b8-a635-d006bd10ed27,19HL,,,1590132703124
sensor_wifi,,4ae192f8-8fd0-49b8-a635-d006bd10ed27,19HL,,,1590132763099
sensor_wifi,,4ae192f8-8fd0-49b8-a635-d006bd10ed27,19HL,,,1590132823193
sensor_wifi,,4ae192f8-8fd0-49b8-a635-d006bd10ed27,19HL,,,1590132883099
sensor_wifi,,4ae192f8-8fd0-49b8-a635-d006bd10ed27,19HL,,,1590132943100
sensor_wifi,,4ae192f8-8fd0-49b8-a635-d006bd10ed27,19HL,,,1590133003134
sensor_wifi,,4ae192f8-8fd0-49b8-a635-d006bd10ed27,19HL,,,1590133063138
sensor_wifi,,4ae192f8-8fd0-49b8-a635-d006bd10ed27,19HL,,,1590133123189
sensor_wifi,,4ae192f8-8fd0-49b8-a635-d006bd10ed27,19HL,,,1590133183195
sensor_wifi,,4ae192f8-8fd0-49b8-a635-d006bd10ed27,19HL,,,1590133243186
sensor_wifi,,4ae192f8-8fd0-49b8-a635-d006bd10ed27,19HL,,,1590133303164
sensor_wifi,,4ae192f8-8fd0-49b8-a635-d006bd10ed27,19HL,,,1590133363160
sensor_wifi,,4ae192f8-8fd0-49b8-a635-d006bd10ed27,19HL,,,1590133423163
sensor_wifi,,4ae192f8-8fd0-49b8-a635-d006bd10ed27,19HL,,,1590133483190
sensor_wifi,,4ae192f8-8fd0-49b8-a635-d006bd10ed27,19HL,,,1590133543096
sensor_wifi,,4ae192f8-8fd0-49b8-a635-d006bd10ed27,19HL,,,1590133603194
sensor_wifi,,4ae192f8-8fd0-49b8-a635-d006bd10ed27,19HL,,,1590133663192
sensor_wifi,,4ae192f8-8fd0-49b8-a635-d006bd10ed27,19HL,,,1590133723194
sensor_wifi,,4ae192f8-8fd0-49b8-a635-d006bd10ed27,19HL,,,1590133783191
sensor_wifi,,4ae192f8-8fd0-49b8-a635-d006bd10ed27,19HL,,,1590133843191
sensor_wifi,,4ae192f8-8fd0-49b8-a635-d006bd10ed27,19HL,,,1590133903191
sensor_wifi,,4ae192f8-8fd0-49b8-a635-d006bd10ed27,19HL,,,1590133963191
sensor_wifi,,4ae192f8-8fd0-49b8-a635-d006bd10ed27,19HL,,,1590134023191
sensor_wifi,,4ae192f8-8fd0-49b8-a635-d006bd10ed27,19HL,,,1590134083191
sensor_wifi,,4ae192f8-8fd0-49b8-a635-d006bd10ed27,19HL,,,1590134143194
sensor_wifi,,4ae192f8-8fd0-49b8-a635-d006bd10ed27,19HL,,,1590134203191
sensor_wifi,,4ae192f8-8fd0-49b8-a635-d006bd10ed27,19HL,,,1590134263120
sensor_wifi,,4ae192f8-8fd0-49b8-a635-d006bd10ed27,19HL,,,1590134323124
sensor_wifi,,4ae192f8-8fd0-49b8-a635-d006bd10ed27,19HL,,,1590134383191
sensor_wifi,,4ae192f8-8fd0-49b8-a635-d006bd10ed27,19HL,,,1590134443191
sensor_wifi,,4ae192f8-8fd0-49b8-a635-d006bd10ed27,19HL,,,1590134503194
sensor_wifi,,4ae192f8-8fd0-49b8-a635-d006bd10ed27,19HL,,,1590134563094
sensor_wifi,,4ae192f8-8fd0-49b8-a635-d006bd10ed27,19HL,,,1590134623177
sensor_wifi,,4ae192f8-8fd0-49b8-a635-d006bd10ed27,19HL,,,1590134683160
sensor_wifi,,4ae192f8-8fd0-49b8-a635-d006bd10ed27,19HL,,,1590134743108
sensor_wifi,,4ae192f8-8fd0-49b8-a635-d006bd10ed27,19HL,,,1590134803159
sensor_wifi,,4ae192f8-8fd0-49b8-a635-d006bd10ed27,19HL,,,1590134863190
sensor_wifi,,4ae192f8-8fd0-49b8-a635-d006bd10ed27,19HL,,,1590134923190
sensor_wifi,,4ae192f8-8fd0-49b8-a635-d006bd10ed27,19HL,,,1590134983190
sensor_wifi,,4ae192f8-8fd0-49b8-a635-d006bd10ed27,19HL,,,1590135043114
sensor_wifi,,4ae192f8-8fd0-49b8-a635-d006bd10ed27,19HL,,,1590135103189
sensor_wifi,,4ae192f8-8fd0-49b8-a635-d006bd10ed27,19HL,,,1590135163190
sensor_wifi,,4ae192f8-8fd0-49b8-a635-d006bd10ed27,19HL,,,1590135223189
sensor_wifi,,4ae192f8-8fd0-49b8-a635-d006bd10ed27,19HL,,,1590135283098
sensor_wifi,,4ae192f8-8fd0-49b8-a635-d006bd10ed27,19HL,,,1590135343189
sensor_wifi,,4ae192f8-8fd0-49b8-a635-d006bd10ed27,19HL,,,1590135403189
sensor_wifi,,4ae192f8-8fd0-49b8-a635-d006bd10ed27,19HL,,,1590135463099
sensor_wifi,,4ae192f8-8fd0-49b8-a635-d006bd10ed27,19HL,,,1590135523121
sensor_wifi,,4ae192f8-8fd0-49b8-a635-d006bd10ed27,19HL,,,1590135583137
sensor_wifi,,4ae192f8-8fd0-49b8-a635-d006bd10ed27,19HL,,,1590135643139
sensor_wifi,,4ae192f8-8fd0-49b8-a635-d006bd10ed27,19HL,,,1590135703167
sensor_wifi,,4ae192f8-8fd0-49b8-a635-d006bd10ed27,19HL,,,1590135763126
sensor_wifi,,4ae192f8-8fd0-49b8-a635-d006bd10ed27,19HL,,,1590135823188
sensor_wifi,,4ae192f8-8fd0-49b8-a635-d006bd10ed27,19HL,,,1590135883093
sensor_wifi,,4ae192f8-8fd0-49b8-a635-d006bd10ed27,19HL,,,1590135943187
sensor_wifi,,4ae192f8-8fd0-49b8-a635-d006bd10ed27,19HL,,,1590136003166
sensor_wifi,,4ae192f8-8fd0-49b8-a635-d006bd10ed27,19HL,,,1590136063187
sensor_wifi,,4ae192f8-8fd0-49b8-a635-d006bd10ed27,19HL,,,1590136123092
sensor_wifi,,4ae192f8-8fd0-49b8-a635-d006bd10ed27,19HL,,,1590136183089
sensor_wifi,,4ae192f8-8fd0-49b8-a635-d006bd10ed27,19HL,,,1590136243112
sensor_wifi,,4ae192f8-8fd0-49b8-a635-d006bd10ed27,19HL,,,1590136303187
sensor_wifi,,4ae192f8-8fd0-49b8-a635-d006bd10ed27,19HL,,,1590136363142
sensor_wifi,,4ae192f8-8fd0-49b8-a635-d006bd10ed27,19HL,,,1590136423107
sensor_wifi,,4ae192f8-8fd0-49b8-a635-d006bd10ed27,19HL,,,1590136483187
sensor_wifi,,4ae192f8-8fd0-49b8-a635-d006bd10ed27,19HL,,,1590136543187
sensor_wifi,,4ae192f8-8fd0-49b8-a635-d006bd10ed27,19HL,,,1590136603096
sensor_wifi,,4ae192f8-8fd0-49b8-a635-d006bd10ed27,19HL,,,1590136663125
sensor_wifi,,4ae192f8-8fd0-49b8-a635-d006bd10ed27,19HL,,,1590136723184
sensor_wifi,,4ae192f8-8fd0-49b8-a635-d006bd10ed27,19HL,,,1590136783095
sensor_wifi,,4ae192f8-8fd0-49b8-a635-d006bd10ed27,19HL,,,1590136843186
sensor_wifi,,4ae192f8-8fd0-49b8-a635-d006bd10ed27,19HL,,,1590136903143
sensor_wifi,,4ae192f8-8fd0-49b8-a635-d006bd10ed27,19HL,,,1590136963092
sensor_wifi,,4ae192f8-8fd0-49b8-a635-d006bd10ed27,19HL,,,1590137023086
sensor_wifi,,4ae192f8-8fd0-49b8-a635-d006bd10ed27,19HL,,,1590137083174
sensor_wifi,,4ae192f8-8fd0-49b8-a635-d006bd10ed27,19HL,,,1590137143092
sensor_wifi,,4ae192f8-8fd0-49b8-a635-d006bd10ed27,19HL,,,1590137203185
sensor_wifi,,4ae192f8-8fd0-49b8-a635-d006bd10ed27,19HL,,,1590137263185
sensor_wifi,,4ae192f8-8fd0-49b8-a635-d006bd10ed27,19HL,,,1590137323173
sensor_wifi,,4ae192f8-8fd0-49b8-a635-d006bd10ed27,19HL,,,1590137383185
sensor_wifi,,4ae192f8-8fd0-49b8-a635-d006bd10ed27,19HL,,,1590137443138
sensor_wifi,,4ae192f8-8fd0-49b8-a635-d006bd10ed27,19HL,,,1590137503179
sensor_wifi,,4ae192f8-8fd0-49b8-a635-d006bd10ed27,19HL,,,1590137563154
sensor_wifi,,4ae192f8-8fd0-49b8-a635-d006bd10ed27,19HL,,,1590137623179
sensor_wifi,,4ae192f8-8fd0-49b8-a635-d006bd10ed27,19HL,,,1590137683179
sensor_wifi,,4ae192f8-8fd0-49b8-a635-d006bd10ed27,19HL,,,1590137743184
sensor_wifi,,4ae192f8-8fd0-49b8-a635-d006bd10ed27,19HL,,,1590137803138
sensor_wifi,,4ae192f8-8fd0-49b8-a635-d006bd10ed27,19HL,,,1590147894607
sensor_wifi,,4ae192f8-8fd0-49b8-a635-d006bd10ed27,19HL,,,1590147954613
sensor_wifi,,4ae192f8-8fd0-49b8-a635-d006bd10ed27,19HL,,,1590148014614
sensor_wifi,,4ae192f8-8fd0-49b8-a635-d006bd10ed27,19HL,,,1590148074614
sensor_wifi,,4ae192f8-8fd0-49b8-a635-d006bd10ed27,19HL,,,1590148134614
sensor_wifi,,4ae192f8-8fd0-49b8-a635-d006bd10ed27,19HL,,,1590148194692
sensor_wifi,,4ae192f8-8fd0-49b8-a635-d006bd10ed27,19HL,,,1590148254614
sensor_wifi,,4ae192f8-8fd0-49b8-a635-d006bd10ed27,19HL,,,1590148314614
sensor_wifi,,4ae192f8-8fd0-49b8-a635-d006bd10ed27,19HL,,,1590148374614
sensor_wifi,,4ae192f8-8fd0-49b8-a635-d006bd10ed27,19HL,,,1590148434628
sensor_wifi,,4ae192f8-8fd0-49b8-a635-d006bd10ed27,19HL,,,1590148494614
sensor_wifi,,4ae192f8-8fd0-49b8-a635-d006bd10ed27,19HL,,,1590148554614
sensor_wifi,,4ae192f8-8fd0-49b8-a635-d006bd10ed27,19HL,,,1590148614614
sensor_wifi,,4ae192f8-8fd0-49b8-a635-d006bd10ed27,19HL,,,1590148674611
sensor_wifi,,4ae192f8-8fd0-49b8-a635-d006bd10ed27,19HL,,,1590148734614
sensor_wifi,,4ae192f8-8fd0-49b8-a635-d006bd10ed27,19HL,,,1590148794614
sensor_wifi,,4ae192f8-8fd0-49b8-a635-d006bd10ed27,19HL,,,1590148854614
sensor_wifi,,4ae192f8-8fd0-49b8-a635-d006bd10ed27,19HL,,,1590148914656
sensor_wifi,,4ae192f8-8fd0-49b8-a635-d006bd10ed27,19HL,,,1590148974614
sensor_wifi,,4ae192f8-8fd0-49b8-a635-d006bd10ed27,19HL,,,1590149034614
sensor_wifi,,4ae192f8-8fd0-49b8-a635-d006bd10ed27,19HL,,,1590149094614
sensor_wifi,,4ae192f8-8fd0-49b8-a635-d006bd10ed27,19HL,,,1590149154672
sensor_wifi,,4ae192f8-8fd0-49b8-a635-d006bd10ed27,19HL,,,1590149214614
sensor_wifi,,4ae192f8-8fd0-49b8-a635-d006bd10ed27,19HL,,,1590149274614
sensor_wifi,,4ae192f8-8fd0-49b8-a635-d006bd10ed27,19HL,,,1590149334611
sensor_wifi,,4ae192f8-8fd0-49b8-a635-d006bd10ed27,19HL,,,1590149394709
sensor_wifi,,4ae192f8-8fd0-49b8-a635-d006bd10ed27,19HL,,,1590149454614
sensor_wifi,,4ae192f8-8fd0-49b8-a635-d006bd10ed27,19HL,,,1590149514615
sensor_wifi,,4ae192f8-8fd0-49b8-a635-d006bd10ed27,19HL,,,1590149574615
sensor_wifi,,4ae192f8-8fd0-49b8-a635-d006bd10ed27,19HL,,,1590149634710
sensor_wifi,,4ae192f8-8fd0-49b8-a635-d006bd10ed27,19HL,,,1590149694615
sensor_wifi,,4ae192f8-8fd0-49b8-a635-d006bd10ed27,19HL,,,1590149754615
sensor_wifi,,4ae192f8-8fd0-49b8-a635-d006bd10ed27,19HL,,,1590149814615
sensor_wifi,,4ae192f8-8fd0-49b8-a635-d006bd10ed27,19HL,,,1590149874647
sensor_wifi,,4ae192f8-8fd0-49b8-a635-d006bd10ed27,19HL,,,1590149934611
sensor_wifi,,4ae192f8-8fd0-49b8-a635-d006bd10ed27,19HL,,,1590149994612
sensor_wifi,,4ae192f8-8fd0-49b8-a635-d006bd10ed27,19HL,,,1590150054615
sensor_wifi,,4ae192f8-8fd0-49b8-a635-d006bd10ed27,19HL,,,1590150114629
sensor_wifi,,4ae192f8-8fd0-49b8-a635-d006bd10ed27,19HL,,,1590150174615
sensor_wifi,,4ae192f8-8fd0-49b8-a635-d006bd10ed27,19HL,,,1590150234615
sensor_wifi,,4ae192f8-8fd0-49b8-a635-d006bd10ed27,19HL,,,1590150294615
sensor_wifi,,4ae192f8-8fd0-49b8-a635-d006bd10ed27,19HL,,,1590150354710
sensor_wifi,,4ae192f8-8fd0-49b8-a635-d006bd10ed27,19HL,,,1590150414615
sensor_wifi,,4ae192f8-8fd0-49b8-a635-d006bd10ed27,19HL,,,1590150474615
sensor_wifi,,4ae192f8-8fd0-49b8-a635-d006bd10ed27,19HL,,,1590150534615
sensor_wifi,,4ae192f8-8fd0-49b8-a635-d006bd10ed27,19HL,,,1590150594693
sensor_wifi,,4ae192f8-8fd0-49b8-a635-d006bd10ed27,19HL,,,1590150654615
sensor_wifi,,4ae192f8-8fd0-49b8-a635-d006bd10ed27,19HL,,,1590150714615
sensor_wifi,,4ae192f8-8fd0-49b8-a635-d006bd10ed27,19HL,,,1590150774615
sensor_wifi,,4ae192f8-8fd0-49b8-a635-d006bd10ed27,19HL,,,1590150834619
sensor_wifi,,4ae192f8-8fd0-49b8-a635-d006bd10ed27,19HL,,,1590150894616
sensor_wifi,,4ae192f8-8fd0-49b8-a635-d006bd10ed27,19HL,,,1590150954616
sensor_wifi,,4ae192f8-8fd0-49b8-a635-d006bd10ed27,19HL,,,1590151014616
sensor_wifi,,4ae192f8-8fd0-49b8-a635-d006bd10ed27,19HL,,,1590151074680
sensor_wifi,,4ae192f8-8fd0-49b8-a635-d006bd10ed27,19HL,,,1590151134616
sensor_wifi,,4ae192f8-8fd0-49b8-a635-d006bd10ed27,19HL,,,1590151194616
sensor_wifi,,4ae192f8-8fd0-49b8-a635-d006bd10ed27,19HL,,,1590151254616
sensor_wifi,,4ae192f8-8fd0-49b8-a635-d006bd10ed27,19HL,,,1590151314668
sensor_wifi,,4ae192f8-8fd0-49b8-a635-d006bd10ed27,19HL,,,1590151374616
sensor_wifi,,4ae192f8-8fd0-49b8-a635-d006bd10ed27,19HL,,,1590151434616
sensor_wifi,,4ae192f8-8fd0-49b8-a635-d006bd10ed27,19HL,,,1590151494616
sensor_wifi,,4ae192f8-8fd0-49b8-a635-d006bd10ed27,19HL,,,1590151554711
sensor_wifi,,4ae192f8-8fd0-49b8-a635-d006bd10ed27,19HL,,,1590151614616
sensor_wifi,,4ae192f8-8fd0-49b8-a635-d006bd10ed27,19HL,,,1590151674616
sensor_wifi,,4ae192f8-8fd0-49b8-a635-d006bd10ed27,19HL,,,1590151734616
sensor_wifi,,4ae192f8-8fd0-49b8-a635-d006bd10ed27,19HL,,,1590151794711
sensor_wifi,,4ae192f8-8fd0-49b8-a635-d006bd10ed27,19HL,,,1590151854616
sensor_wifi,,4ae192f8-8fd0-49b8-a635-d006bd10ed27,19HL,,,1590151914616
sensor_wifi,,4ae192f8-8fd0-49b8-a635-d006bd10ed27,19HL,,,1590151974618
sensor_wifi,,4ae192f8-8fd0-49b8-a635-d006bd10ed27,19HL,,,1590152034650
sensor_wifi,,4ae192f8-8fd0-49b8-a635-d006bd10ed27,19HL,,,1590152094619
sensor_wifi,,4ae192f8-8fd0-49b8-a635-d006bd10ed27,19HL,,,1590152154619
sensor_wifi,,4ae192f8-8fd0-49b8-a635-d006bd10ed27,19HL,,,1590152214619
sensor_wifi,,4ae192f8-8fd0-49b8-a635-d006bd10ed27,19HL,,,1590152274697
sensor_wifi,,4ae192f8-8fd0-49b8-a635-d006bd10ed27,19HL,,,1590152334619
sensor_wifi,,4ae192f8-8fd0-49b8-a635-d006bd10ed27,19HL,,,1590152394619
sensor_wifi,,4ae192f8-8fd0-49b8-a635-d006bd10ed27,19HL,,,1590152454617
sensor_wifi,,4ae192f8-8fd0-49b8-a635-d006bd10ed27,19HL,,,1590152514715
sensor_wifi,,4ae192f8-8fd0-49b8-a635-d006bd10ed27,19HL,,,1590152574620
sensor_wifi,,4ae192f8-8fd0-49b8-a635-d006bd10ed27,19HL,,,1590152634620
sensor_wifi,,4ae192f8-8fd0-49b8-a635-d006bd10ed27,19HL,,,1590152694620
sensor_wifi,,4ae192f8-8fd0-49b8-a635-d006bd10ed27,19HL,,,1590152754715
sensor_wifi,,4ae192f8-8fd0-49b8-a635-d006bd10ed27,19HL,,,1590152814620
sensor_wifi,,4ae192f8-8fd0-49b8-a635-d006bd10ed27,19HL,,,1590152874620
sensor_wifi,,4ae192f8-8fd0-49b8-a635-d006bd10ed27,19HL,,,1590152934620
sensor_wifi,,4ae192f8-8fd0-49b8-a635-d006bd10ed27,19HL,,,1590152994646
sensor_wifi,,4ae192f8-8fd0-49b8-a635-d006bd10ed27,19HL,,,1590153054620
sensor_wifi,,4ae192f8-8fd0-49b8-a635-d006bd10ed27,19HL,,,1590153114620
sensor_wifi,,4ae192f8-8fd0-49b8-a635-d006bd10ed27,19HL,,,1590153174616
sensor_wifi,,4ae192f8-8fd0-49b8-a635-d006bd10ed27,19HL,,,1590153234715
sensor_wifi,,4ae192f8-8fd0-49b8-a635-d006bd10ed27,19HL,,,1590153294621
sensor_wifi,,4ae192f8-8fd0-49b8-a635-d006bd10ed27,19HL,,,1590153354621
sensor_wifi,48:5d:36:dd:84:04,4ae192f8-8fd0-49b8-a635-d006bd10ed27,19HL,,FiOS-B0VDT,1590153414715
sensor_wifi,48:5d:36:dd:84:04,4ae192f8-8fd0-49b8-a635-d006bd10ed27,19HL,,FiOS-B0VDT,1590153474660
sensor_wifi,48:5d:36:dd:84:04,4ae192f8-8fd0-49b8-a635-d006bd10ed27,19HL,,FiOS-B0VDT,1590153534625
sensor_wifi,48:5d:36:dd:84:04,4ae192f8-8fd0-49b8-a635-d006bd10ed27,19HL,,FiOS-B0VDT,1590153594626
sensor_wifi,48:5d:36:dd:84:04,4ae192f8-8fd0-49b8-a635-d006bd10ed27,19HL,,FiOS-B0VDT,1590153654623
sensor_wifi,48:5d:36:dd:84:04,4ae192f8-8fd0-49b8-a635-d006bd10ed27,19HL,,FiOS-B0VDT,1590153714714
sensor_wifi,48:5d:36:dd:84:04,4ae192f8-8fd0-49b8-a635-d006bd10ed27,19HL,,FiOS-B0VDT,1590153774622
sensor_wifi,48:5d:36:dd:84:04,4ae192f8-8fd0-49b8-a635-d006bd10ed27,19HL,,FiOS-B0VDT,1590153834626
sensor_wifi,48:5d:36:dd:84:04,4ae192f8-8fd0-49b8-a635-d006bd10ed27,19HL,,FiOS-B0VDT,1590153894627
sensor_wifi,48:5d:36:dd:84:04,4ae192f8-8fd0-49b8-a635-d006bd10ed27,19HL,,FiOS-B0VDT,1590153954690
sensor_wifi,48:5d:36:dd:84:04,4ae192f8-8fd0-49b8-a635-d006bd10ed27,19HL,,FiOS-B0VDT,1590154014625
sensor_wifi,48:5d:36:dd:84:04,4ae192f8-8fd0-49b8-a635-d006bd10ed27,19HL,,FiOS-B0VDT,1590154074626
sensor_wifi,48:5d:36:dd:84:04,4ae192f8-8fd0-49b8-a635-d006bd10ed27,19HL,,FiOS-B0VDT,1590154134627
sensor_wifi,48:5d:36:dd:84:04,4ae192f8-8fd0-49b8-a635-d006bd10ed27,19HL,,FiOS-B0VDT,1590154194710
sensor_wifi,48:5d:36:dd:84:04,4ae192f8-8fd0-49b8-a635-d006bd10ed27,19HL,,FiOS-B0VDT,1590154254627
sensor_wifi,48:5d:36:dd:84:04,4ae192f8-8fd0-49b8-a635-d006bd10ed27,19HL,,FiOS-B0VDT,1590154314623
sensor_wifi,48:5d:36:dd:84:04,4ae192f8-8fd0-49b8-a635-d006bd10ed27,19HL,,FiOS-B0VDT,1590154374616
sensor_wifi,48:5d:36:dd:84:04,4ae192f8-8fd0-49b8-a635-d006bd10ed27,19HL,,FiOS-B0VDT,1590154434675
sensor_wifi,48:5d:36:dd:84:04,4ae192f8-8fd0-49b8-a635-d006bd10ed27,19HL,,FiOS-B0VDT,1590154494627
sensor_wifi,48:5d:36:dd:84:04,4ae192f8-8fd0-49b8-a635-d006bd10ed27,19HL,,FiOS-B0VDT,1590154554623
sensor_wifi,48:5d:36:dd:84:04,4ae192f8-8fd0-49b8-a635-d006bd10ed27,19HL,,FiOS-B0VDT,1590154614626
sensor_wifi,48:5d:36:dd:84:04,4ae192f8-8fd0-49b8-a635-d006bd10ed27,19HL,,FiOS-B0VDT,1590154674713
sensor_wifi,48:5d:36:dd:84:04,4ae192f8-8fd0-49b8-a635-d006bd10ed27,19HL,,FiOS-B0VDT,1590154734616
sensor_wifi,48:5d:36:dd:84:04,4ae192f8-8fd0-49b8-a635-d006bd10ed27,19HL,,FiOS-B0VDT,1590154794620
sensor_wifi,48:5d:36:dd:84:04,4ae192f8-8fd0-49b8-a635-d006bd10ed27,19HL,,FiOS-B0VDT,1590154854620
sensor_wifi,48:5d:36:dd:84:04,4ae192f8-8fd0-49b8-a635-d006bd10ed27,19HL,,FiOS-B0VDT,1590154914652
sensor_wifi,48:5d:36:dd:84:04,4ae192f8-8fd0-49b8-a635-d006bd10ed27,19HL,,FiOS-B0VDT,1590154974619
sensor_wifi,48:5d:36:dd:84:04,4ae192f8-8fd0-49b8-a635-d006bd10ed27,19HL,,FiOS-B0VDT,1590155034620
sensor_wifi,48:5d:36:dd:84:04,4ae192f8-8fd0-49b8-a635-d006bd10ed27,19HL,,FiOS-B0VDT,1590155094619
sensor_wifi,48:5d:36:dd:84:04,4ae192f8-8fd0-49b8-a635-d006bd10ed27,19HL,,FiOS-B0VDT,1590155154641
sensor_wifi,48:5d:36:dd:84:04,4ae192f8-8fd0-49b8-a635-d006bd10ed27,19HL,,FiOS-B0VDT,1590155214617
sensor_wifi,48:5d:36:dd:84:04,4ae192f8-8fd0-49b8-a635-d006bd10ed27,19HL,,FiOS-B0VDT,1590155274618
sensor_wifi,48:5d:36:dd:84:04,4ae192f8-8fd0-49b8-a635-d006bd10ed27,19HL,,FiOS-B0VDT,1590155334703
sensor_wifi,48:5d:36:dd:84:04,4ae192f8-8fd0-49b8-a635-d006bd10ed27,19HL,,FiOS-B0VDT,1590155394668
sensor_wifi,48:5d:36:dd:84:04,4ae192f8-8fd0-49b8-a635-d006bd10ed27,19HL,,FiOS-B0VDT,1590155454618
sensor_wifi,48:5d:36:dd:84:04,4ae192f8-8fd0-49b8-a635-d006bd10ed27,19HL,,FiOS-B0VDT,1590155514617
sensor_wifi,48:5d:36:dd:84:04,4ae192f8-8fd0-49b8-a635-d006bd10ed27,19HL,,FiOS-B0VDT,1590155574617
sensor_wifi,48:5d:36:dd:84:04,4ae192f8-8fd0-49b8-a635-d006bd10ed27,19HL,,FiOS-B0VDT,1590155634692
sensor_wifi,48:5d:36:dd:84:04,4ae192f8-8fd0-49b8-a635-d006bd10ed27,19HL,,FiOS-B0VDT,1590155694617
sensor_wifi,48:5d:36:dd:84:04,4ae192f8-8fd0-49b8-a635-d006bd10ed27,19HL,,FiOS-B0VDT,1590155754617
sensor_wifi,48:5d:36:dd:84:04,4ae192f8-8fd0-49b8-a635-d006bd10ed27,19HL,,FiOS-B0VDT,1590155814616
sensor_wifi,48:5d:36:dd:84:04,4ae192f8-8fd0-49b8-a635-d006bd10ed27,19HL,,FiOS-B0VDT,1590155874615
sensor_wifi,48:5d:36:dd:84:04,4ae192f8-8fd0-49b8-a635-d006bd10ed27,19HL,,FiOS-B0VDT,1590155934614
sensor_wifi,48:5d:36:dd:84:04,4ae192f8-8fd0-49b8-a635-d006bd10ed27,19HL,,FiOS-B0VDT,1590155994611
sensor_wifi,48:5d:36:dd:84:04,4ae192f8-8fd0-49b8-a635-d006bd10ed27,19HL,,FiOS-B0VDT,1590156054665
sensor_wifi,48:5d:36:dd:84:04,4ae192f8-8fd0-49b8-a635-d006bd10ed27,19HL,,FiOS-B0VDT,1590156114653
sensor_wifi,48:5d:36:dd:84:04,4ae192f8-8fd0-49b8-a635-d006bd10ed27,19HL,,FiOS-B0VDT,1590156174614
sensor_wifi,48:5d:36:dd:84:04,4ae192f8-8fd0-49b8-a635-d006bd10ed27,19HL,,FiOS-B0VDT,1590156234614
sensor_wifi,48:5d:36:dd:84:04,4ae192f8-8fd0-49b8-a635-d006bd10ed27,19HL,,FiOS-B0VDT,1590156294614
sensor_wifi,48:5d:36:dd:84:04,4ae192f8-8fd0-49b8-a635-d006bd10ed27,19HL,,FiOS-B0VDT,1590156354683
sensor_wifi,48:5d:36:dd:84:04,4ae192f8-8fd0-49b8-a635-d006bd10ed27,19HL,,FiOS-B0VDT,1590156414607
sensor_wifi,48:5d:36:dd:84:04,4ae192f8-8fd0-49b8-a635-d006bd10ed27,19HL,,FiOS-B0VDT,1590156474612
sensor_wifi,48:5d:36:dd:84:04,4ae192f8-8fd0-49b8-a635-d006bd10ed27,19HL,,FiOS-B0VDT,1590156534614
sensor_wifi,48:5d:36:dd:84:04,4ae192f8-8fd0-49b8-a635-d006bd10ed27,19HL,,FiOS-B0VDT,1590156594639
sensor_wifi,,4ae192f8-8fd0-49b8-a635-d006bd10ed27,19HL,,,1590156654608
sensor_wifi,,4ae192f8-8fd0-49b8-a635-d006bd10ed27,19HL,,,1590156714698
sensor_wifi,,4ae192f8-8fd0-49b8-a635-d006bd10ed27,19HL,,,1590156774604
sensor_wifi,,4ae192f8-8fd0-49b8-a635-d006bd10ed27,19HL,,,1590156834707
sensor_wifi,,4ae192f8-8fd0-49b8-a635-d006bd10ed27,19HL,,,1590156894704
sensor_wifi,,4ae192f8-8fd0-49b8-a635-d006bd10ed27,19HL,,,1590156954705
sensor_wifi,,4ae192f8-8fd0-49b8-a635-d006bd10ed27,19HL,,,1590157014678
sensor_wifi,,4ae192f8-8fd0-49b8-a635-d006bd10ed27,19HL,,,1590157074705
sensor_wifi,,4ae192f8-8fd0-49b8-a635-d006bd10ed27,19HL,,,1590157134669
sensor_wifi,,4ae192f8-8fd0-49b8-a635-d006bd10ed27,19HL,,,1590157194703
sensor_wifi,,4ae192f8-8fd0-49b8-a635-d006bd10ed27,19HL,,,1590157254664
sensor_wifi,,4ae192f8-8fd0-49b8-a635-d006bd10ed27,19HL,,,1590157314675
sensor_wifi,,4ae192f8-8fd0-49b8-a635-d006bd10ed27,19HL,,,1590157374655
sensor_wifi,,4ae192f8-8fd0-49b8-a635-d006bd10ed27,19HL,,,1590157434701
sensor_wifi,,4ae192f8-8fd0-49b8-a635-d006bd10ed27,19HL,,,1590157494706
sensor_wifi,,4ae192f8-8fd0-49b8-a635-d006bd10ed27,19HL,,,1590157554706
sensor_wifi,,4ae192f8-8fd0-49b8-a635-d006bd10ed27,19HL,,,1590157614627
sensor_wifi,,4ae192f8-8fd0-49b8-a635-d006bd10ed27,19HL,,,1590157674653
sensor_wifi,,4ae192f8-8fd0-49b8-a635-d006bd10ed27,19HL,,,1590157734689
sensor_wifi,,4ae192f8-8fd0-49b8-a635-d006bd10ed27,19HL,,,1590157794692
sensor_wifi,,4ae192f8-8fd0-49b8-a635-d006bd10ed27,19HL,,,1590157854705
sensor_wifi,,4ae192f8-8fd0-49b8-a635-d006bd10ed27,19HL,,,1590157914663
sensor_wifi,,4ae192f8-8fd0-49b8-a635-d006bd10ed27,19HL,,,1590157974657
sensor_wifi,,4ae192f8-8fd0-49b8-a635-d006bd10ed27,19HL,,,1590158034632
sensor_wifi,,4ae192f8-8fd0-49b8-a635-d006bd10ed27,19HL,,,1590158094668
sensor_wifi,,4ae192f8-8fd0-49b8-a635-d006bd10ed27,19HL,,,1590158154615
sensor_wifi,,4ae192f8-8fd0-49b8-a635-d006bd10ed27,19HL,,,1590158214678
sensor_wifi,,4ae192f8-8fd0-49b8-a635-d006bd10ed27,19HL,,,1590158274626
sensor_wifi,,4ae192f8-8fd0-49b8-a635-d006bd10ed27,19HL,,,1590158334672
sensor_wifi,,4ae192f8-8fd0-49b8-a635-d006bd10ed27,19HL,,,1590158394694
sensor_wifi,,4ae192f8-8fd0-49b8-a635-d006bd10ed27,19HL,,,1590158454700
sensor_wifi,,4ae192f8-8fd0-49b8-a635-d006bd10ed27,19HL,,,1590158514674
sensor_wifi,,4ae192f8-8fd0-49b8-a635-d006bd10ed27,19HL,,,1590158574701
sensor_wifi,,4ae192f8-8fd0-49b8-a635-d006bd10ed27,19HL,,,1590158634632
sensor_wifi,,4ae192f8-8fd0-49b8-a635-d006bd10ed27,19HL,,,1590158694675
sensor_wifi,,4ae192f8-8fd0-49b8-a635-d006bd10ed27,19HL,,,1590158754699
sensor_wifi,,4ae192f8-8fd0-49b8-a635-d006bd10ed27,19HL,,,1590158814629
sensor_wifi,,4ae192f8-8fd0-49b8-a635-d006bd10ed27,19HL,,,1590158874615
sensor_wifi,,4ae192f8-8fd0-49b8-a635-d006bd10ed27,19HL,,,1590158934659
sensor_wifi,,4ae192f8-8fd0-49b8-a635-d006bd10ed27,19HL,,,1590158994614
sensor_wifi,,4ae192f8-8fd0-49b8-a635-d006bd10ed27,19HL,,,1590159054606
sensor_wifi,,4ae192f8-8fd0-49b8-a635-d006bd10ed27,19HL,,,1590159114606
sensor_wifi,,4ae192f8-8fd0-49b8-a635-d006bd10ed27,19HL,,,1590159174602
sensor_wifi,,4ae192f8-8fd0-49b8-a635-d006bd10ed27,19HL,,,1590159234601
sensor_wifi,,4ae192f8-8fd0-49b8-a635-d006bd10ed27,19HL,,,1590159294606
sensor_wifi,,4ae192f8-8fd0-49b8-a635-d006bd10ed27,19HL,,,1590159354606
sensor_wifi,,4ae192f8-8fd0-49b8-a635-d006bd10ed27,19HL,,,1590159414687
sensor_wifi,,4ae192f8-8fd0-49b8-a635-d006bd10ed27,19HL,,,1590159474605
sensor_wifi,,4ae192f8-8fd0-49b8-a635-d006bd10ed27,19HL,,,1590159534605
sensor_wifi,,4ae192f8-8fd0-49b8-a635-d006bd10ed27,19HL,,,1590159594605
sensor_wifi,,4ae192f8-8fd0-49b8-a635-d006bd10ed27,19HL,,,1590159654663
sensor_wifi,,4ae192f8-8fd0-49b8-a635-d006bd10ed27,19HL,,,1590159714669
sensor_wifi,,4ae192f8-8fd0-49b8-a635-d006bd10ed27,19HL,,,1590159774679
sensor_wifi,,4ae192f8-8fd0-49b8-a635-d006bd10ed27,19HL,,,1590159834606
sensor_wifi,,4ae192f8-8fd0-49b8-a635-d006bd10ed27,19HL,,,1590159894607
sensor_wifi,,4ae192f8-8fd0-49b8-a635-d006bd10ed27,19HL,,,1590159954611
sensor_wifi,,4ae192f8-8fd0-49b8-a635-d006bd10ed27,19HL,,,1590160014629
sensor_wifi,,4ae192f8-8fd0-49b8-a635-d006bd10ed27,19HL,,,1590160074683
sensor_wifi,,4ae192f8-8fd0-49b8-a635-d006bd10ed27,19HL,,,1590160134698
sensor_wifi,,4ae192f8-8fd0-49b8-a635-d006bd10ed27,19HL,,,1590160194696
sensor_wifi,,4ae192f8-8fd0-49b8-a635-d006bd10ed27,19HL,,,1590160254641
sensor_wifi,,4ae192f8-8fd0-49b8-a635-d006bd10ed27,19HL,,,1590160314690
sensor_wifi,,4ae192f8-8fd0-49b8-a635-d006bd10ed27,19HL,,,1590160374667
sensor_wifi,,4ae192f8-8fd0-49b8-a635-d006bd10ed27,19HL,,,1590160434629
sensor_wifi,,4ae192f8-8fd0-49b8-a635-d006bd10ed27,19HL,,,1590160494674
sensor_wifi,,4ae192f8-8fd0-49b8-a635-d006bd10ed27,19HL,,,1590160554645
sensor_wifi,,4ae192f8-8fd0-49b8-a635-d006bd10ed27,19HL,,,1590160614630
sensor_wifi,,4ae192f8-8fd0-49b8-a635-d006bd10ed27,19HL,,,1590160674655
sensor_wifi,,4ae192f8-8fd0-49b8-a635-d006bd10ed27,19HL,,,1590160734697
sensor_wifi,,4ae192f8-8fd0-49b8-a635-d006bd10ed27,19HL,,,1590160794639
sensor_wifi,,4ae192f8-8fd0-49b8-a635-d006bd10ed27,19HL,,,1590160854632
sensor_wifi,,4ae192f8-8fd0-49b8-a635-d006bd10ed27,19HL,,,1590160914694
sensor_wifi,,4ae192f8-8fd0-49b8-a635-d006bd10ed27,19HL,,,1590160974601
sensor_wifi,,4ae192f8-8fd0-49b8-a635-d006bd10ed27,19HL,,,1590161034618
sensor_wifi,,4ae192f8-8fd0-49b8-a635-d006bd10ed27,19HL,,,1590161094635
sensor_wifi,,4ae192f8-8fd0-49b8-a635-d006bd10ed27,19HL,,,1590161154674
sensor_wifi,,4ae192f8-8fd0-49b8-a635-d006bd10ed27,19HL,,,1590161214623
sensor_wifi,,4ae192f8-8fd0-49b8-a635-d006bd10ed27,19HL,,,1590161274693
sensor_wifi,,4ae192f8-8fd0-49b8-a635-d006bd10ed27,19HL,,,1590161334657
sensor_wifi,,4ae192f8-8fd0-49b8-a635-d006bd10ed27,19HL,,,1590161394622
sensor_wifi,,4ae192f8-8fd0-49b8-a635-d006bd10ed27,19HL,,,1590161454681
sensor_wifi,,4ae192f8-8fd0-49b8-a635-d006bd10ed27,19HL,,,1590161514689
sensor_wifi,,4ae192f8-8fd0-49b8-a635-d006bd10ed27,19HL,,,1590161574672
sensor_wifi,,4ae192f8-8fd0-49b8-a635-d006bd10ed27,19HL,,,1590161634606
sensor_wifi,,4ae192f8-8fd0-49b8-a635-d006bd10ed27,19HL,,,1590161694622
sensor_wifi,,4ae192f8-8fd0-49b8-a635-d006bd10ed27,19HL,,,1590161754683
sensor_wifi,,4ae192f8-8fd0-49b8-a635-d006bd10ed27,19HL,,,1590161814693
sensor_wifi,48:5d:36:dd:84:04,4ae192f8-8fd0-49b8-a635-d006bd10ed27,19HL,,FiOS-B0VDT,1590161874675
sensor_wifi,48:5d:36:dd:84:04,4ae192f8-8fd0-49b8-a635-d006bd10ed27,19HL,,FiOS-B0VDT,1590161934690
sensor_wifi,48:5d:36:dd:84:04,4ae192f8-8fd0-49b8-a635-d006bd10ed27,19HL,,FiOS-B0VDT,1590161994611
sensor_wifi,48:5d:36:dd:84:04,4ae192f8-8fd0-49b8-a635-d006bd10ed27,19HL,,FiOS-B0VDT,1590162054669
sensor_wifi,48:5d:36:dd:84:04,4ae192f8-8fd0-49b8-a635-d006bd10ed27,19HL,,FiOS-B0VDT,1590162114694
sensor_wifi,48:5d:36:dd:84:04,4ae192f8-8fd0-49b8-a635-d006bd10ed27,19HL,,FiOS-B0VDT,1590162174647
sensor_wifi,48:5d:36:dd:84:04,4ae192f8-8fd0-49b8-a635-d006bd10ed27,19HL,,FiOS-B0VDT,1590162234678
sensor_wifi,48:5d:36:dd:84:04,4ae192f8-8fd0-49b8-a635-d006bd10ed27,19HL,,FiOS-B0VDT,1590162294610
sensor_wifi,48:5d:36:dd:84:04,4ae192f8-8fd0-49b8-a635-d006bd10ed27,19HL,,FiOS-B0VDT,1590162354600
sensor_wifi,48:5d:36:dd:84:04,4ae192f8-8fd0-49b8-a635-d006bd10ed27,19HL,,FiOS-B0VDT,1590162414708
sensor_wifi,,4ae192f8-8fd0-49b8-a635-d006bd10ed27,19HL,,,1590162474690
sensor_wifi,,4ae192f8-8fd0-49b8-a635-d006bd10ed27,19HL,,,1590162534673
sensor_wifi,,4ae192f8-8fd0-49b8-a635-d006bd10ed27,19HL,,,1590162594684
sensor_wifi,,4ae192f8-8fd0-49b8-a635-d006bd10ed27,19HL,,,1590162654687
sensor_wifi,,4ae192f8-8fd0-49b8-a635-d006bd10ed27,19HL,,,1590162714609
sensor_wifi,,4ae192f8-8fd0-49b8-a635-d006bd10ed27,19HL,,,1590162774677
sensor_wifi,,4ae192f8-8fd0-49b8-a635-d006bd10ed27,19HL,,,1590162834611
sensor_wifi,,4ae192f8-8fd0-49b8-a635-d006bd10ed27,19HL,,,1590162894673
sensor_wifi,,4ae192f8-8fd0-49b8-a635-d006bd10ed27,19HL,,,1590162954678
sensor_wifi,,4ae192f8-8fd0-49b8-a635-d006bd10ed27,19HL,,,1590163014686
sensor_wifi,,4ae192f8-8fd0-49b8-a635-d006bd10ed27,19HL,,,1590163074677
sensor_wifi,,4ae192f8-8fd0-49b8-a635-d006bd10ed27,19HL,,,1590163134633
sensor_wifi,,4ae192f8-8fd0-49b8-a635-d006bd10ed27,19HL,,,1590163194592
sensor_wifi,,4ae192f8-8fd0-49b8-a635-d006bd10ed27,19HL,,,1590163254594
sensor_wifi,,4ae192f8-8fd0-49b8-a635-d006bd10ed27,19HL,,,1590163314689
sensor_wifi,,4ae192f8-8fd0-49b8-a635-d006bd10ed27,19HL,,,1590163374683
sensor_wifi,,4ae192f8-8fd0-49b8-a635-d006bd10ed27,19HL,,,1590163434678
sensor_wifi,,4ae192f8-8fd0-49b8-a635-d006bd10ed27,19HL,,,1590163494635
sensor_wifi,,4ae192f8-8fd0-49b8-a635-d006bd10ed27,19HL,,,1590163554624
sensor_wifi,,4ae192f8-8fd0-49b8-a635-d006bd10ed27,19HL,,,1590163614606
sensor_wifi,,4ae192f8-8fd0-49b8-a635-d006bd10ed27,19HL,,,1590163674657
sensor_wifi,,4ae192f8-8fd0-49b8-a635-d006bd10ed27,19HL,,,1590163734678
sensor_wifi,,4ae192f8-8fd0-49b8-a635-d006bd10ed27,19HL,,,1590163794687
sensor_wifi,,4ae192f8-8fd0-49b8-a635-d006bd10ed27,19HL,,,1590163854678
sensor_wifi,,4ae192f8-8fd0-49b8-a635-d006bd10ed27,19HL,,,1590163914688
sensor_wifi,,4ae192f8-8fd0-49b8-a635-d006bd10ed27,19HL,,,1590163974685
sensor_wifi,,4ae192f8-8fd0-49b8-a635-d006bd10ed27,19HL,,,1590164034685
sensor_wifi,,4ae192f8-8fd0-49b8-a635-d006bd10ed27,19HL,,,1590164094676
sensor_wifi,,4ae192f8-8fd0-49b8-a635-d006bd10ed27,19HL,,,1590164154684
sensor_wifi,,4ae192f8-8fd0-49b8-a635-d006bd10ed27,19HL,,,1590164214682
sensor_wifi,,4ae192f8-8fd0-49b8-a635-d006bd10ed27,19HL,,,1590164274686
sensor_wifi,,4ae192f8-8fd0-49b8-a635-d006bd10ed27,19HL,,,1590164334689
sensor_wifi,,4ae192f8-8fd0-49b8-a635-d006bd10ed27,19HL,,,1590164394677
sensor_wifi,,4ae192f8-8fd0-49b8-a635-d006bd10ed27,19HL,,,1590164454596
sensor_wifi,,4ae192f8-8fd0-49b8-a635-d006bd10ed27,19HL,,,1590164514593
sensor_wifi,,4ae192f8-8fd0-49b8-a635-d006bd10ed27,19HL,,,1590164574683
sensor_wifi,,4ae192f8-8fd0-49b8-a635-d006bd10ed27,19HL,,,1590164634684
sensor_wifi,,4ae192f8-8fd0-49b8-a635-d006bd10ed27,19HL,,,1590164694684
sensor_wifi,,4ae192f8-8fd0-49b8-a635-d006bd10ed27,19HL,,,1590164754673
sensor_wifi,,4ae192f8-8fd0-49b8-a635-d006bd10ed27,19HL,,,1590164814643
sensor_wifi,,4ae192f8-8fd0-49b8-a635-d006bd10ed27,19HL,,,1590164874654
sensor_wifi,,4ae192f8-8fd0-49b8-a635-d006bd10ed27,19HL,,,1590164934590
sensor_wifi,,4ae192f8-8fd0-49b8-a635-d006bd10ed27,19HL,,,1590164994643
sensor_wifi,,4ae192f8-8fd0-49b8-a635-d006bd10ed27,19HL,,,1590165054646
sensor_wifi,,4ae192f8-8fd0-49b8-a635-d006bd10ed27,19HL,,,1590165114628
sensor_wifi,,4ae192f8-8fd0-49b8-a635-d006bd10ed27,19HL,,,1590165174596
sensor_wifi,,4ae192f8-8fd0-49b8-a635-d006bd10ed27,19HL,,,1590165234648
sensor_wifi,,4ae192f8-8fd0-49b8-a635-d006bd10ed27,19HL,,,1590165294608
sensor_wifi,,4ae192f8-8fd0-49b8-a635-d006bd10ed27,19HL,,,1590165354663
sensor_wifi,,4ae192f8-8fd0-49b8-a635-d006bd10ed27,19HL,,,1590165414622
sensor_wifi,,4ae192f8-8fd0-49b8-a635-d006bd10ed27,19HL,,,1590165474608
sensor_wifi,,4ae192f8-8fd0-49b8-a635-d006bd10ed27,19HL,,,1590165534668
sensor_wifi,,4ae192f8-8fd0-49b8-a635-d006bd10ed27,19HL,,,1590165594591
sensor_wifi,,4ae192f8-8fd0-49b8-a635-d006bd10ed27,19HL,,,1590165654613
sensor_wifi,,4ae192f8-8fd0-49b8-a635-d006bd10ed27,19HL,,,1590165714642
sensor_wifi,,4ae192f8-8fd0-49b8-a635-d006bd10ed27,19HL,,,1590165774667
sensor_wifi,,4ae192f8-8fd0-49b8-a635-d006bd10ed27,19HL,,,1590165834667
sensor_wifi,,4ae192f8-8fd0-49b8-a635-d006bd10ed27,19HL,,,1590165894667
sensor_wifi,,4ae192f8-8fd0-49b8-a635-d006bd10ed27,19HL,,,1590165954674
sensor_wifi,,4ae192f8-8fd0-49b8-a635-d006bd10ed27,19HL,,,1590166014679
sensor_wifi,,4ae192f8-8fd0-49b8-a635-d006bd10ed27,19HL,,,1590166074673
sensor_wifi,,4ae192f8-8fd0-49b8-a635-d006bd10ed27,19HL,,,1590166134680
sensor_wifi,,4ae192f8-8fd0-49b8-a635-d006bd10ed27,19HL,,,1590166194673
sensor_wifi,,4ae192f8-8fd0-49b8-a635-d006bd10ed27,19HL,,,1590166254677
sensor_wifi,,4ae192f8-8fd0-49b8-a635-d006bd10ed27,19HL,,,1590166314591
sensor_wifi,,4ae192f8-8fd0-49b8-a635-d006bd10ed27,19HL,,,1590166374590
sensor_wifi,,4ae192f8-8fd0-49b8-a635-d006bd10ed27,19HL,,,1590166434596
sensor_wifi,,4ae192f8-8fd0-49b8-a635-d006bd10ed27,19HL,,,1590166494580
sensor_wifi,,4ae192f8-8fd0-49b8-a635-d006bd10ed27,19HL,,,1590166554662
sensor_wifi,,4ae192f8-8fd0-49b8-a635-d006bd10ed27,19HL,,,1590166614586
sensor_wifi,,4ae192f8-8fd0-49b8-a635-d006bd10ed27,19HL,,,1590166674598
sensor_wifi,,4ae192f8-8fd0-49b8-a635-d006bd10ed27,19HL,,,1590166734666
sensor_wifi,,4ae192f8-8fd0-49b8-a635-d006bd10ed27,19HL,,,1590166794583
sensor_wifi,,4ae192f8-8fd0-49b8-a635-d006bd10ed27,19HL,,,1590166854577
sensor_wifi,,4ae192f8-8fd0-49b8-a635-d006bd10ed27,19HL,,,1590166914583
sensor_wifi,,4ae192f8-8fd0-49b8-a635-d006bd10ed27,19HL,,,1590166974633
sensor_wifi,,4ae192f8-8fd0-49b8-a635-d006bd10ed27,19HL,,,1590167034676
sensor_wifi,,4ae192f8-8fd0-49b8-a635-d006bd10ed27,19HL,,,1590167094622
sensor_wifi,,4ae192f8-8fd0-49b8-a635-d006bd10ed27,19HL,,,1590167154592
sensor_wifi,,4ae192f8-8fd0-49b8-a635-d006bd10ed27,19HL,,,1590167214620
sensor_wifi,,4ae192f8-8fd0-49b8-a635-d006bd10ed27,19HL,,,1590167274642
sensor_wifi,,4ae192f8-8fd0-49b8-a635-d006bd10ed27,19HL,,,1590167334593
sensor_wifi,,4ae192f8-8fd0-49b8-a635-d006bd10ed27,19HL,,,1590167394609
sensor_wifi,,4ae192f8-8fd0-49b8-a635-d006bd10ed27,19HL,,,1590167454656
sensor_wifi,,4ae192f8-8fd0-49b8-a635-d006bd10ed27,19HL,,,1590167514616
sensor_wifi,,4ae192f8-8fd0-49b8-a635-d006bd10ed27,19HL,,,1590167574573
sensor_wifi,,4ae192f8-8fd0-49b8-a635-d006bd10ed27,19HL,,,1590167634654
sensor_wifi,,4ae192f8-8fd0-49b8-a635-d006bd10ed27,19HL,,,1590167694654
sensor_wifi,,4ae192f8-8fd0-49b8-a635-d006bd10ed27,19HL,,,1590167754662
sensor_wifi,,4ae192f8-8fd0-49b8-a635-d006bd10ed27,19HL,,,1590167814618
sensor_wifi,,4ae192f8-8fd0-49b8-a635-d006bd10ed27,19HL,,,1590167874650
sensor_wifi,,4ae192f8-8fd0-49b8-a635-d006bd10ed27,19HL,,,1590167934669
sensor_wifi,,4ae192f8-8fd0-49b8-a635-d006bd10ed27,19HL,,,1590167994665
sensor_wifi,,4ae192f8-8fd0-49b8-a635-d006bd10ed27,19HL,,,1590168054584
sensor_wifi,,4ae192f8-8fd0-49b8-a635-d006bd10ed27,19HL,,,1590168114648
sensor_wifi,,4ae192f8-8fd0-49b8-a635-d006bd10ed27,19HL,,,1590168174586
sensor_wifi,,4ae192f8-8fd0-49b8-a635-d006bd10ed27,19HL,,,1590168234588
sensor_wifi,,4ae192f8-8fd0-49b8-a635-d006bd10ed27,19HL,,,1590168294604
sensor_wifi,,4ae192f8-8fd0-49b8-a635-d006bd10ed27,19HL,,,1590168354669
sensor_wifi,,4ae192f8-8fd0-49b8-a635-d006bd10ed27,19HL,,,1590168414673
sensor_wifi,,4ae192f8-8fd0-49b8-a635-d006bd10ed27,19HL,,,1590168474677
sensor_wifi,,4ae192f8-8fd0-49b8-a635-d006bd10ed27,19HL,,,1590168534669
sensor_wifi,,4ae192f8-8fd0-49b8-a635-d006bd10ed27,19HL,,,1590168594676
sensor_wifi,,4ae192f8-8fd0-49b8-a635-d006bd10ed27,19HL,,,1590168654676
sensor_wifi,,4ae192f8-8fd0-49b8-a635-d006bd10ed27,19HL,,,1590168714591
sensor_wifi,,4ae192f8-8fd0-49b8-a635-d006bd10ed27,19HL,,,1590168774672
sensor_wifi,,4ae192f8-8fd0-49b8-a635-d006bd10ed27,19HL,,,1590168834674
sensor_wifi,,4ae192f8-8fd0-49b8-a635-d006bd10ed27,19HL,,,1590168894664
sensor_wifi,,4ae192f8-8fd0-49b8-a635-d006bd10ed27,19HL,,,1590168954677
sensor_wifi,,4ae192f8-8fd0-49b8-a635-d006bd10ed27,19HL,,,1590169014579
sensor_wifi,,4ae192f8-8fd0-49b8-a635-d006bd10ed27,19HL,,,1590169074654
sensor_wifi,,4ae192f8-8fd0-49b8-a635-d006bd10ed27,19HL,,,1590169134578
sensor_wifi,,4ae192f8-8fd0-49b8-a635-d006bd10ed27,19HL,,,1590169194674
sensor_wifi,,4ae192f8-8fd0-49b8-a635-d006bd10ed27,19HL,,,1590169254674
sensor_wifi,,4ae192f8-8fd0-49b8-a635-d006bd10ed27,19HL,,,1590169314674
sensor_wifi,,4ae192f8-8fd0-49b8-a635-d006bd10ed27,19HL,,,1590169374674
sensor_wifi,,4ae192f8-8fd0-49b8-a635-d006bd10ed27,19HL,,,1590169434657
sensor_wifi,,4ae192f8-8fd0-49b8-a635-d006bd10ed27,19HL,,,1590169494652
sensor_wifi,,4ae192f8-8fd0-49b8-a635-d006bd10ed27,19HL,,,1590169554595
sensor_wifi,,4ae192f8-8fd0-49b8-a635-d006bd10ed27,19HL,,,1590169614645
sensor_wifi,,4ae192f8-8fd0-49b8-a635-d006bd10ed27,19HL,,,1590169674626
sensor_wifi,,4ae192f8-8fd0-49b8-a635-d006bd10ed27,19HL,,,1590169734669
sensor_wifi,,4ae192f8-8fd0-49b8-a635-d006bd10ed27,19HL,,,1590169794654
sensor_wifi,,4ae192f8-8fd0-49b8-a635-d006bd10ed27,19HL,,,1590169854584
sensor_wifi,,4ae192f8-8fd0-49b8-a635-d006bd10ed27,19HL,,,1590169914673
sensor_wifi,,4ae192f8-8fd0-49b8-a635-d006bd10ed27,19HL,,,1590169974603
sensor_wifi,,4ae192f8-8fd0-49b8-a635-d006bd10ed27,19HL,,,1590170034585
sensor_wifi,,4ae192f8-8fd0-49b8-a635-d006bd10ed27,19HL,,,1590170094670
sensor_wifi,,4ae192f8-8fd0-49b8-a635-d006bd10ed27,19HL,,,1590170154672
sensor_wifi,,4ae192f8-8fd0-49b8-a635-d006bd10ed27,19HL,,,1590170214621
sensor_wifi,,4ae192f8-8fd0-49b8-a635-d006bd10ed27,19HL,,,1590170274672
sensor_wifi,,4ae192f8-8fd0-49b8-a635-d006bd10ed27,19HL,,,1590170334576
sensor_wifi,,4ae192f8-8fd0-49b8-a635-d006bd10ed27,19HL,,,1590170394578
sensor_wifi,,4ae192f8-8fd0-49b8-a635-d006bd10ed27,19HL,,,1590170454574
sensor_wifi,,4ae192f8-8fd0-49b8-a635-d006bd10ed27,19HL,,,1590170514636
sensor_wifi,,4ae192f8-8fd0-49b8-a635-d006bd10ed27,19HL,,,1590170574661
sensor_wifi,,4ae192f8-8fd0-49b8-a635-d006bd10ed27,19HL,,,1590170634604
sensor_wifi,,4ae192f8-8fd0-49b8-a635-d006bd10ed27,19HL,,,1590170694667
sensor_wifi,,4ae192f8-8fd0-49b8-a635-d006bd10ed27,19HL,,,1590170754673
sensor_wifi,,4ae192f8-8fd0-49b8-a635-d006bd10ed27,19HL,,,1590170814662
sensor_wifi,,4ae192f8-8fd0-49b8-a635-d006bd10ed27,19HL,,,1590170874669
sensor_wifi,,4ae192f8-8fd0-49b8-a635-d006bd10ed27,19HL,,,1590170934577
sensor_wifi,,4ae192f8-8fd0-49b8-a635-d006bd10ed27,19HL,,,1590170994669
sensor_wifi,,4ae192f8-8fd0-49b8-a635-d006bd10ed27,19HL,,,1590171054666
sensor_wifi,,4ae192f8-8fd0-49b8-a635-d006bd10ed27,19HL,,,1590171114678
sensor_wifi,,4ae192f8-8fd0-49b8-a635-d006bd10ed27,19HL,,,1590171174670
sensor_wifi,,4ae192f8-8fd0-49b8-a635-d006bd10ed27,19HL,,,1590171234595
sensor_wifi,,4ae192f8-8fd0-49b8-a635-d006bd10ed27,19HL,,,1590171294669
sensor_wifi,,4ae192f8-8fd0-49b8-a635-d006bd10ed27,19HL,,,1590171354669
sensor_wifi,,4ae192f8-8fd0-49b8-a635-d006bd10ed27,19HL,,,1590171414652
sensor_wifi,,4ae192f8-8fd0-49b8-a635-d006bd10ed27,19HL,,,1590171457223
sensor_wifi,,4ae192f8-8fd0-49b8-a635-d006bd10ed27,19HL,,,1590171517317
sensor_wifi,,4ae192f8-8fd0-49b8-a635-d006bd10ed27,19HL,,,1590171577309
sensor_wifi,,4ae192f8-8fd0-49b8-a635-d006bd10ed27,19HL,,,1590171637317
sensor_wifi,,4ae192f8-8fd0-49b8-a635-d006bd10ed27,19HL,,,1590171697314
sensor_wifi,,4ae192f8-8fd0-49b8-a635-d006bd10ed27,19HL,,,1590171757305
sensor_wifi,,4ae192f8-8fd0-49b8-a635-d006bd10ed27,19HL,,,1590171817230
sensor_wifi,,4ae192f8-8fd0-49b8-a635-d006bd10ed27,19HL,,,1590171877279
sensor_wifi,,4ae192f8-8fd0-49b8-a635-d006bd10ed27,19HL,,,1590171937219
sensor_wifi,,4ae192f8-8fd0-49b8-a635-d006bd10ed27,19HL,,,1590171997219
sensor_wifi,,4ae192f8-8fd0-49b8-a635-d006bd10ed27,19HL,,,1590172057323
sensor_wifi,,4ae192f8-8fd0-49b8-a635-d006bd10ed27,19HL,,,1590172117316
sensor_wifi,,4ae192f8-8fd0-49b8-a635-d006bd10ed27,19HL,,,1590172177312
sensor_wifi,,4ae192f8-8fd0-49b8-a635-d006bd10ed27,19HL,,,1590172237308
sensor_wifi,,4ae192f8-8fd0-49b8-a635-d006bd10ed27,19HL,,,1590172297306
sensor_wifi,,4ae192f8-8fd0-49b8-a635-d006bd10ed27,19HL,,,1590172357228
sensor_wifi,,4ae192f8-8fd0-49b8-a635-d006bd10ed27,19HL,,,1590172417288
sensor_wifi,,4ae192f8-8fd0-49b8-a635-d006bd10ed27,19HL,,,1590172477312
sensor_wifi,,4ae192f8-8fd0-49b8-a635-d006bd10ed27,19HL,,,1590172537312
sensor_wifi,,4ae192f8-8fd0-49b8-a635-d006bd10ed27,19HL,,,1590172597246
sensor_wifi,,4ae192f8-8fd0-49b8-a635-d006bd10ed27,19HL,,,1590172657312
sensor_wifi,,4ae192f8-8fd0-49b8-a635-d006bd10ed27,19HL,,,1590172717236
sensor_wifi,,4ae192f8-8fd0-49b8-a635-d006bd10ed27,19HL,,,1590172777215
sensor_wifi,,4ae192f8-8fd0-49b8-a635-d006bd10ed27,19HL,,,1590172837393
sensor_wifi,,4ae192f8-8fd0-49b8-a635-d006bd10ed27,19HL,,,1590172897311
sensor_wifi,,4ae192f8-8fd0-49b8-a635-d006bd10ed27,19HL,,,1590172957308
sensor_wifi,,4ae192f8-8fd0-49b8-a635-d006bd10ed27,19HL,,,1590173017310
sensor_wifi,,4ae192f8-8fd0-49b8-a635-d006bd10ed27,19HL,,,1590173077304
sensor_wifi,,4ae192f8-8fd0-49b8-a635-d006bd10ed27,19HL,,,1590173137308
sensor_wifi,,4ae192f8-8fd0-49b8-a635-d006bd10ed27,19HL,,,1590173197247
sensor_wifi,,4ae192f8-8fd0-49b8-a635-d006bd10ed27,19HL,,,1590173257286
sensor_wifi,,4ae192f8-8fd0-49b8-a635-d006bd10ed27,19HL,,,1590173317276
sensor_wifi,,4ae192f8-8fd0-49b8-a635-d006bd10ed27,19HL,,,1590173377307
sensor_wifi,,4ae192f8-8fd0-49b8-a635-d006bd10ed27,19HL,,,1590173437255
sensor_wifi,,4ae192f8-8fd0-49b8-a635-d006bd10ed27,19HL,,,1590173497214
sensor_wifi,,4ae192f8-8fd0-49b8-a635-d006bd10ed27,19HL,,,1590173557276
sensor_wifi,,4ae192f8-8fd0-49b8-a635-d006bd10ed27,19HL,,,1590173617282
sensor_wifi,,4ae192f8-8fd0-49b8-a635-d006bd10ed27,19HL,,,1590173677243
sensor_wifi,,4ae192f8-8fd0-49b8-a635-d006bd10ed27,19HL,,,1590173737279
sensor_wifi,,4ae192f8-8fd0-49b8-a635-d006bd10ed27,19HL,,,1590173797266
sensor_wifi,,4ae192f8-8fd0-49b8-a635-d006bd10ed27,19HL,,,1590173857206
sensor_wifi,,4ae192f8-8fd0-49b8-a635-d006bd10ed27,19HL,,,1590173917301
sensor_wifi,,4ae192f8-8fd0-49b8-a635-d006bd10ed27,19HL,,,1590173977295
sensor_wifi,,4ae192f8-8fd0-49b8-a635-d006bd10ed27,19HL,,,1590174037288
sensor_wifi,,4ae192f8-8fd0-49b8-a635-d006bd10ed27,19HL,,,1590174097241
sensor_wifi,,4ae192f8-8fd0-49b8-a635-d006bd10ed27,19HL,,,1590174157294
sensor_wifi,,4ae192f8-8fd0-49b8-a635-d006bd10ed27,19HL,,,1590174217297
sensor_wifi,,4ae192f8-8fd0-49b8-a635-d006bd10ed27,19HL,,,1590174277300
sensor_wifi,,4ae192f8-8fd0-49b8-a635-d006bd10ed27,19HL,,,1590174337302
sensor_wifi,,4ae192f8-8fd0-49b8-a635-d006bd10ed27,19HL,,,1590174397293
sensor_wifi,,4ae192f8-8fd0-49b8-a635-d006bd10ed27,19HL,,,1590174457236
sensor_wifi,,4ae192f8-8fd0-49b8-a635-d006bd10ed27,19HL,,,1590174517299
sensor_wifi,,4ae192f8-8fd0-49b8-a635-d006bd10ed27,19HL,,,1590174577299
sensor_wifi,,4ae192f8-8fd0-49b8-a635-d006bd10ed27,19HL,,,1590174637305
sensor_wifi,,4ae192f8-8fd0-49b8-a635-d006bd10ed27,19HL,,,1590174697218
sensor_wifi,,4ae192f8-8fd0-49b8-a635-d006bd10ed27,19HL,,,1590174757204
sensor_wifi,,4ae192f8-8fd0-49b8-a635-d006bd10ed27,19HL,,,1590174817291
sensor_wifi,,4ae192f8-8fd0-49b8-a635-d006bd10ed27,19HL,,,1590174877301
sensor_wifi,,4ae192f8-8fd0-49b8-a635-d006bd10ed27,19HL,,,1590174937228
sensor_wifi,,4ae192f8-8fd0-49b8-a635-d006bd10ed27,19HL,,,1590174997299
sensor_wifi,,4ae192f8-8fd0-49b8-a635-d006bd10ed27,19HL,,,1590175057301
sensor_wifi,,4ae192f8-8fd0-49b8-a635-d006bd10ed27,19HL,,,1590175117291
sensor_wifi,,4ae192f8-8fd0-49b8-a635-d006bd10ed27,19HL,,,1590175177266
sensor_wifi,,4ae192f8-8fd0-49b8-a635-d006bd10ed27,19HL,,,1590175237274
sensor_wifi,,4ae192f8-8fd0-49b8-a635-d006bd10ed27,19HL,,,1590175297299
sensor_wifi,,4ae192f8-8fd0-49b8-a635-d006bd10ed27,19HL,,,1590175357297
sensor_wifi,,4ae192f8-8fd0-49b8-a635-d006bd10ed27,19HL,,,1590175417206
sensor_wifi,,4ae192f8-8fd0-49b8-a635-d006bd10ed27,19HL,,,1590175477296
sensor_wifi,,4ae192f8-8fd0-49b8-a635-d006bd10ed27,19HL,,,1590175537293
sensor_wifi,,4ae192f8-8fd0-49b8-a635-d006bd10ed27,19HL,,,1590175597241
sensor_wifi,,4ae192f8-8fd0-49b8-a635-d006bd10ed27,19HL,,,1590175657202
sensor_wifi,,4ae192f8-8fd0-49b8-a635-d006bd10ed27,19HL,,,1590175717202
sensor_wifi,,4ae192f8-8fd0-49b8-a635-d006bd10ed27,19HL,,,1590175777202
sensor_wifi,,4ae192f8-8fd0-49b8-a635-d006bd10ed27,19HL,,,1590175837201
sensor_wifi,,4ae192f8-8fd0-49b8-a635-d006bd10ed27,19HL,,,1590175897296
sensor_wifi,,4ae192f8-8fd0-49b8-a635-d006bd10ed27,19HL,,,1590175957200
sensor_wifi,,4ae192f8-8fd0-49b8-a635-d006bd10ed27,19HL,,,1590176017200
sensor_wifi,,4ae192f8-8fd0-49b8-a635-d006bd10ed27,19HL,,,1590176077200
sensor_wifi,,4ae192f8-8fd0-49b8-a635-d006bd10ed27,19HL,,,1590176137280
sensor_wifi,,4ae192f8-8fd0-49b8-a635-d006bd10ed27,19HL,,,1590176197198
sensor_wifi,,4ae192f8-8fd0-49b8-a635-d006bd10ed27,19HL,,,1590176257198
sensor_wifi,,4ae192f8-8fd0-49b8-a635-d006bd10ed27,19HL,,,1590176317198
sensor_wifi,,4ae192f8-8fd0-49b8-a635-d006bd10ed27,19HL,,,1590176377197
sensor_wifi,,4ae192f8-8fd0-49b8-a635-d006bd10ed27,19HL,,,1590176437197
sensor_wifi,,4ae192f8-8fd0-49b8-a635-d006bd10ed27,19HL,,,1590176497196
sensor_wifi,,4ae192f8-8fd0-49b8-a635-d006bd10ed27,19HL,,,1590176557196
sensor_wifi,,4ae192f8-8fd0-49b8-a635-d006bd10ed27,19HL,,,1590176617206
sensor_wifi,,4ae192f8-8fd0-49b8-a635-d006bd10ed27,19HL,,,1590176677195
sensor_wifi,,4ae192f8-8fd0-49b8-a635-d006bd10ed27,19HL,,,1590176737195
sensor_wifi,,4ae192f8-8fd0-49b8-a635-d006bd10ed27,19HL,,,1590176797225
sensor_wifi,,4ae192f8-8fd0-49b8-a635-d006bd10ed27,19HL,,,1590176857194
sensor_wifi,,4ae192f8-8fd0-49b8-a635-d006bd10ed27,19HL,,,1590176917194
sensor_wifi,,4ae192f8-8fd0-49b8-a635-d006bd10ed27,19HL,,,1590176977192
sensor_wifi,,4ae192f8-8fd0-49b8-a635-d006bd10ed27,19HL,,,1590177037194
sensor_wifi,,4ae192f8-8fd0-49b8-a635-d006bd10ed27,19HL,,,1590177097294
sensor_wifi,,4ae192f8-8fd0-49b8-a635-d006bd10ed27,19HL,,,1590177157199
sensor_wifi,,4ae192f8-8fd0-49b8-a635-d006bd10ed27,19HL,,,1590177217199
sensor_wifi,,4ae192f8-8fd0-49b8-a635-d006bd10ed27,19HL,,,1590177277199
sensor_wifi,,4ae192f8-8fd0-49b8-a635-d006bd10ed27,19HL,,,1590177337199
sensor_wifi,,4ae192f8-8fd0-49b8-a635-d006bd10ed27,19HL,,,1590177397196
sensor_wifi,,4ae192f8-8fd0-49b8-a635-d006bd10ed27,19HL,,,1590177457199
sensor_wifi,,4ae192f8-8fd0-49b8-a635-d006bd10ed27,19HL,,,1590177517195
sensor_wifi,,4ae192f8-8fd0-49b8-a635-d006bd10ed27,19HL,,,1590177577199
sensor_wifi,,4ae192f8-8fd0-49b8-a635-d006bd10ed27,19HL,,,1590177637200
sensor_wifi,,4ae192f8-8fd0-49b8-a635-d006bd10ed27,19HL,,,1590177697200
sensor_wifi,,4ae192f8-8fd0-49b8-a635-d006bd10ed27,19HL,,,1590177757200
sensor_wifi,,4ae192f8-8fd0-49b8-a635-d006bd10ed27,19HL,,,1590177817255
sensor_wifi,,4ae192f8-8fd0-49b8-a635-d006bd10ed27,19HL,,,1590177877200
sensor_wifi,,4ae192f8-8fd0-49b8-a635-d006bd10ed27,19HL,,,1590177937196
sensor_wifi,,4ae192f8-8fd0-49b8-a635-d006bd10ed27,19HL,,,1590177997199
sensor_wifi,,4ae192f8-8fd0-49b8-a635-d006bd10ed27,19HL,,,1590178057294
sensor_wifi,,4ae192f8-8fd0-49b8-a635-d006bd10ed27,19HL,,,1590178117199
sensor_wifi,,4ae192f8-8fd0-49b8-a635-d006bd10ed27,19HL,,,1590178177198
sensor_wifi,,4ae192f8-8fd0-49b8-a635-d006bd10ed27,19HL,,,1590178237194
sensor_wifi,,4ae192f8-8fd0-49b8-a635-d006bd10ed27,19HL,,,1590178297290
sensor_wifi,,4ae192f8-8fd0-49b8-a635-d006bd10ed27,19HL,,,1590178357292
sensor_wifi,,4ae192f8-8fd0-49b8-a635-d006bd10ed27,19HL,,,1590178417287
sensor_wifi,,4ae192f8-8fd0-49b8-a635-d006bd10ed27,19HL,,,1590178477291
sensor_wifi,,4ae192f8-8fd0-49b8-a635-d006bd10ed27,19HL,,,1590178537295
sensor_wifi,,4ae192f8-8fd0-49b8-a635-d006bd10ed27,19HL,,,1590178597280
sensor_wifi,,4ae192f8-8fd0-49b8-a635-d006bd10ed27,19HL,,,1590178657285
sensor_wifi,,4ae192f8-8fd0-49b8-a635-d006bd10ed27,19HL,,,1590178717290
sensor_wifi,,4ae192f8-8fd0-49b8-a635-d006bd10ed27,19HL,,,1590178777284
sensor_wifi,,4ae192f8-8fd0-49b8-a635-d006bd10ed27,19HL,,,1590178837291
sensor_wifi,,4ae192f8-8fd0-49b8-a635-d006bd10ed27,19HL,,,1590178897289
sensor_wifi,,4ae192f8-8fd0-49b8-a635-d006bd10ed27,19HL,,,1590178957287
sensor_wifi,,4ae192f8-8fd0-49b8-a635-d006bd10ed27,19HL,,,1590179017256
sensor_wifi,,4ae192f8-8fd0-49b8-a635-d006bd10ed27,19HL,,,1590179077286
sensor_wifi,,4ae192f8-8fd0-49b8-a635-d006bd10ed27,19HL,,,1590179137287
sensor_wifi,,4ae192f8-8fd0-49b8-a635-d006bd10ed27,19HL,,,1590179197285
sensor_wifi,,4ae192f8-8fd0-49b8-a635-d006bd10ed27,19HL,,,1590179257287
sensor_wifi,,4ae192f8-8fd0-49b8-a635-d006bd10ed27,19HL,,,1590179317287
sensor_wifi,,4ae192f8-8fd0-49b8-a635-d006bd10ed27,19HL,,,1590179377288
sensor_wifi,,4ae192f8-8fd0-49b8-a635-d006bd10ed27,19HL,,,1590179437289
sensor_wifi,,4ae192f8-8fd0-49b8-a635-d006bd10ed27,19HL,,,1590179497288
sensor_wifi,,4ae192f8-8fd0-49b8-a635-d006bd10ed27,19HL,,,1590179557287
sensor_wifi,,4ae192f8-8fd0-49b8-a635-d006bd10ed27,19HL,,,1590179617289
sensor_wifi,,4ae192f8-8fd0-49b8-a635-d006bd10ed27,19HL,,,1590179677285
sensor_wifi,,4ae192f8-8fd0-49b8-a635-d006bd10ed27,19HL,,,1590179737282
sensor_wifi,,4ae192f8-8fd0-49b8-a635-d006bd10ed27,19HL,,,1590179797283
sensor_wifi,,4ae192f8-8fd0-49b8-a635-d006bd10ed27,19HL,,,1590179857281
sensor_wifi,,4ae192f8-8fd0-49b8-a635-d006bd10ed27,19HL,,,1590179917205
sensor_wifi,,4ae192f8-8fd0-49b8-a635-d006bd10ed27,19HL,,,1590179977208
sensor_wifi,,4ae192f8-8fd0-49b8-a635-d006bd10ed27,19HL,,,1590180037283
sensor_wifi,,4ae192f8-8fd0-49b8-a635-d006bd10ed27,19HL,,,1590180097209
sensor_wifi,,4ae192f8-8fd0-49b8-a635-d006bd10ed27,19HL,,,1590180157207
sensor_wifi,,4ae192f8-8fd0-49b8-a635-d006bd10ed27,19HL,,,1590180217204
sensor_wifi,,4ae192f8-8fd0-49b8-a635-d006bd10ed27,19HL,,,1590180277204
sensor_wifi,,4ae192f8-8fd0-49b8-a635-d006bd10ed27,19HL,,,1590180337207
sensor_wifi,,4ae192f8-8fd0-49b8-a635-d006bd10ed27,19HL,,,1590180397203
sensor_wifi,,4ae192f8-8fd0-49b8-a635-d006bd10ed27,19HL,,,1590180457206
sensor_wifi,,4ae192f8-8fd0-49b8-a635-d006bd10ed27,19HL,,,1590180517203
sensor_wifi,,4ae192f8-8fd0-49b8-a635-d006bd10ed27,19HL,,,1590180577233
sensor_wifi,,4ae192f8-8fd0-49b8-a635-d006bd10ed27,19HL,,,1590180637286
sensor_wifi,,4ae192f8-8fd0-49b8-a635-d006bd10ed27,19HL,,,1590180697206
sensor_wifi,,4ae192f8-8fd0-49b8-a635-d006bd10ed27,19HL,,,1590180757207
sensor_wifi,,4ae192f8-8fd0-49b8-a635-d006bd10ed27,19HL,,,1590180817205
sensor_wifi,,4ae192f8-8fd0-49b8-a635-d006bd10ed27,19HL,,,1590180877207
sensor_wifi,,4ae192f8-8fd0-49b8-a635-d006bd10ed27,19HL,,,1590180937203
sensor_wifi,,4ae192f8-8fd0-49b8-a635-d006bd10ed27,19HL,,,1590180997279
sensor_wifi,,4ae192f8-8fd0-49b8-a635-d006bd10ed27,19HL,,,1590181057194
sensor_wifi,,4ae192f8-8fd0-49b8-a635-d006bd10ed27,19HL,,,1590181117194
sensor_wifi,,4ae192f8-8fd0-49b8-a635-d006bd10ed27,19HL,,,1590181177196
sensor_wifi,,4ae192f8-8fd0-49b8-a635-d006bd10ed27,19HL,,,1590181237196
sensor_wifi,,4ae192f8-8fd0-49b8-a635-d006bd10ed27,19HL,,,1590181297196
sensor_wifi,,4ae192f8-8fd0-49b8-a635-d006bd10ed27,19HL,,,1590181357192
sensor_wifi,,4ae192f8-8fd0-49b8-a635-d006bd10ed27,19HL,,,1590181417194
sensor_wifi,,4ae192f8-8fd0-49b8-a635-d006bd10ed27,19HL,,,1590181477273
sensor_wifi,,4ae192f8-8fd0-49b8-a635-d006bd10ed27,19HL,,,1590181537274
sensor_wifi,,4ae192f8-8fd0-49b8-a635-d006bd10ed27,19HL,,,1590181597270
sensor_wifi,,4ae192f8-8fd0-49b8-a635-d006bd10ed27,19HL,,,1590181657266
sensor_wifi,,4ae192f8-8fd0-49b8-a635-d006bd10ed27,19HL,,,1590181717267
sensor_wifi,,4ae192f8-8fd0-49b8-a635-d006bd10ed27,19HL,,,1590181777266
sensor_wifi,,4ae192f8-8fd0-49b8-a635-d006bd10ed27,19HL,,,1590181837266
sensor_wifi,,4ae192f8-8fd0-49b8-a635-d006bd10ed27,19HL,,,1590181897260
sensor_wifi,,4ae192f8-8fd0-49b8-a635-d006bd10ed27,19HL,,,1590181957269
sensor_wifi,,4ae192f8-8fd0-49b8-a635-d006bd10ed27,19HL,,,1590182017227
sensor_wifi,,4ae192f8-8fd0-49b8-a635-d006bd10ed27,19HL,,,1590182077255
sensor_wifi,,4ae192f8-8fd0-49b8-a635-d006bd10ed27,19HL,,,1590182137249
sensor_wifi,,4ae192f8-8fd0-49b8-a635-d006bd10ed27,19HL,,,1590182197251
sensor_wifi,,4ae192f8-8fd0-49b8-a635-d006bd10ed27,19HL,,,1590182257255
sensor_wifi,,4ae192f8-8fd0-49b8-a635-d006bd10ed27,19HL,,,1590182317253
sensor_wifi,,4ae192f8-8fd0-49b8-a635-d006bd10ed27,19HL,,,1590182377246
sensor_wifi,,4ae192f8-8fd0-49b8-a635-d006bd10ed27,19HL,,,1590182437246
sensor_wifi,,4ae192f8-8fd0-49b8-a635-d006bd10ed27,19HL,,,1590182497252
sensor_wifi,,4ae192f8-8fd0-49b8-a635-d006bd10ed27,19HL,,,1590182557253
sensor_wifi,,4ae192f8-8fd0-49b8-a635-d006bd10ed27,19HL,,,1590182617768
sensor_wifi,,4ae192f8-8fd0-49b8-a635-d006bd10ed27,19HL,,,1590182677855
sensor_wifi,,4ae192f8-8fd0-49b8-a635-d006bd10ed27,19HL,,,1590182737859
sensor_wifi,,4ae192f8-8fd0-49b8-a635-d006bd10ed27,19HL,,,1590182797829
sensor_wifi,,4ae192f8-8fd0-49b8-a635-d006bd10ed27,19HL,,,1590182857856
sensor_wifi,,4ae192f8-8fd0-49b8-a635-d006bd10ed27,19HL,,,1590182917855
sensor_wifi,,4ae192f8-8fd0-49b8-a635-d006bd10ed27,19HL,,,1590182977810
sensor_wifi,,4ae192f8-8fd0-49b8-a635-d006bd10ed27,19HL,,,1590183037824
sensor_wifi,,4ae192f8-8fd0-49b8-a635-d006bd10ed27,19HL,,,1590183097811
sensor_wifi,,4ae192f8-8fd0-49b8-a635-d006bd10ed27,19HL,,,1590183157853
sensor_wifi,,4ae192f8-8fd0-49b8-a635-d006bd10ed27,19HL,,,1590183217757
sensor_wifi,,4ae192f8-8fd0-49b8-a635-d006bd10ed27,19HL,,,1590183277852
sensor_wifi,,4ae192f8-8fd0-49b8-a635-d006bd10ed27,19HL,,,1590183337818
sensor_wifi,,4ae192f8-8fd0-49b8-a635-d006bd10ed27,19HL,,,1590183397850
sensor_wifi,,4ae192f8-8fd0-49b8-a635-d006bd10ed27,19HL,,,1590183457806
sensor_wifi,,4ae192f8-8fd0-49b8-a635-d006bd10ed27,19HL,,,1590183517849
sensor_wifi,,4ae192f8-8fd0-49b8-a635-d006bd10ed27,19HL,,,1590183577752
sensor_wifi,,4ae192f8-8fd0-49b8-a635-d006bd10ed27,19HL,,,1590183637805
sensor_wifi,,4ae192f8-8fd0-49b8-a635-d006bd10ed27,19HL,,,1590183697749
sensor_wifi,,4ae192f8-8fd0-49b8-a635-d006bd10ed27,19HL,,,1590183757759
sensor_wifi,,4ae192f8-8fd0-49b8-a635-d006bd10ed27,19HL,,,1590183817771
sensor_wifi,,4ae192f8-8fd0-49b8-a635-d006bd10ed27,19HL,,,1590183877818
sensor_wifi,,4ae192f8-8fd0-49b8-a635-d006bd10ed27,19HL,,,1590183937838
sensor_wifi,,4ae192f8-8fd0-49b8-a635-d006bd10ed27,19HL,,,1590183997839
sensor_wifi,,4ae192f8-8fd0-49b8-a635-d006bd10ed27,19HL,,,1590184057746
sensor_wifi,,4ae192f8-8fd0-49b8-a635-d006bd10ed27,19HL,,,1590184117800
sensor_wifi,,4ae192f8-8fd0-49b8-a635-d006bd10ed27,19HL,,,1590184177822
sensor_wifi,,4ae192f8-8fd0-49b8-a635-d006bd10ed27,19HL,,,1590184237808
sensor_wifi,,4ae192f8-8fd0-49b8-a635-d006bd10ed27,19HL,,,1590184297808
sensor_wifi,,4ae192f8-8fd0-49b8-a635-d006bd10ed27,19HL,,,1590184357795
sensor_wifi,,4ae192f8-8fd0-49b8-a635-d006bd10ed27,19HL,,,1590184417770
sensor_wifi,,4ae192f8-8fd0-49b8-a635-d006bd10ed27,19HL,,,1590184477854
sensor_wifi,,4ae192f8-8fd0-49b8-a635-d006bd10ed27,19HL,,,1590184537847
sensor_wifi,,4ae192f8-8fd0-49b8-a635-d006bd10ed27,19HL,,,1590184597759
sensor_wifi,,4ae192f8-8fd0-49b8-a635-d006bd10ed27,19HL,,,1590184657755
sensor_wifi,,4ae192f8-8fd0-49b8-a635-d006bd10ed27,19HL,,,1590184717851
sensor_wifi,,4ae192f8-8fd0-49b8-a635-d006bd10ed27,19HL,,,1590184777849
sensor_wifi,,4ae192f8-8fd0-49b8-a635-d006bd10ed27,19HL,,,1590184837852
sensor_wifi,,4ae192f8-8fd0-49b8-a635-d006bd10ed27,19HL,,,1590184897765
sensor_wifi,,4ae192f8-8fd0-49b8-a635-d006bd10ed27,19HL,,,1590184957852
sensor_wifi,,4ae192f8-8fd0-49b8-a635-d006bd10ed27,19HL,,,1590185017853
sensor_wifi,,4ae192f8-8fd0-49b8-a635-d006bd10ed27,19HL,,,1590185077850
sensor_wifi,,4ae192f8-8fd0-49b8-a635-d006bd10ed27,19HL,,,1590185137853
sensor_wifi,,4ae192f8-8fd0-49b8-a635-d006bd10ed27,19HL,,,1590185197850
sensor_wifi,,4ae192f8-8fd0-49b8-a635-d006bd10ed27,19HL,,,1590185257852
sensor_wifi,,4ae192f8-8fd0-49b8-a635-d006bd10ed27,19HL,,,1590185317831
sensor_wifi,,4ae192f8-8fd0-49b8-a635-d006bd10ed27,19HL,,,1590185377757
sensor_wifi,,4ae192f8-8fd0-49b8-a635-d006bd10ed27,19HL,,,1590185437849
sensor_wifi,,4ae192f8-8fd0-49b8-a635-d006bd10ed27,19HL,,,1590185497853
sensor_wifi,,4ae192f8-8fd0-49b8-a635-d006bd10ed27,19HL,,,1590185557854
sensor_wifi,,4ae192f8-8fd0-49b8-a635-d006bd10ed27,19HL,,,1590185617854
sensor_wifi,,4ae192f8-8fd0-49b8-a635-d006bd10ed27,19HL,,,1590185677851
sensor_wifi,,4ae192f8-8fd0-49b8-a635-d006bd10ed27,19HL,,,1590185737811
sensor_wifi,,4ae192f8-8fd0-49b8-a635-d006bd10ed27,19HL,,,1590185797833
sensor_wifi,,4ae192f8-8fd0-49b8-a635-d006bd10ed27,19HL,,,1590185857778
sensor_wifi,,4ae192f8-8fd0-49b8-a635-d006bd10ed27,19HL,,,1590185917758
sensor_wifi,,4ae192f8-8fd0-49b8-a635-d006bd10ed27,19HL,,,1590185977832
sensor_wifi,,4ae192f8-8fd0-49b8-a635-d006bd10ed27,19HL,,,1590186037847
sensor_wifi,,4ae192f8-8fd0-49b8-a635-d006bd10ed27,19HL,,,1590186097847
sensor_wifi,,4ae192f8-8fd0-49b8-a635-d006bd10ed27,19HL,,,1590186157779
sensor_wifi,,4ae192f8-8fd0-49b8-a635-d006bd10ed27,19HL,,,1590186217822
sensor_wifi,,4ae192f8-8fd0-49b8-a635-d006bd10ed27,19HL,,,1590186277814
sensor_wifi,,4ae192f8-8fd0-49b8-a635-d006bd10ed27,19HL,,,1590186337827
sensor_wifi,,4ae192f8-8fd0-49b8-a635-d006bd10ed27,19HL,,,1590186397838
sensor_wifi,,4ae192f8-8fd0-49b8-a635-d006bd10ed27,19HL,,,1590186457825
sensor_wifi,,4ae192f8-8fd0-49b8-a635-d006bd10ed27,19HL,,,1590186517748
sensor_wifi,,4ae192f8-8fd0-49b8-a635-d006bd10ed27,19HL,,,1590186577746
sensor_wifi,,4ae192f8-8fd0-49b8-a635-d006bd10ed27,19HL,,,1590186637840
sensor_wifi,,4ae192f8-8fd0-49b8-a635-d006bd10ed27,19HL,,,1590186697846
sensor_wifi,,4ae192f8-8fd0-49b8-a635-d006bd10ed27,19HL,,,1590186757757
sensor_wifi,,4ae192f8-8fd0-49b8-a635-d006bd10ed27,19HL,,,1590186817838
sensor_wifi,,4ae192f8-8fd0-49b8-a635-d006bd10ed27,19HL,,,1590186877846
sensor_wifi,,4ae192f8-8fd0-49b8-a635-d006bd10ed27,19HL,,,1590186937846
sensor_wifi,,4ae192f8-8fd0-49b8-a635-d006bd10ed27,19HL,,,1590186997843
sensor_wifi,,4ae192f8-8fd0-49b8-a635-d006bd10ed27,19HL,,,1590187057845
sensor_wifi,,4ae192f8-8fd0-49b8-a635-d006bd10ed27,19HL,,,1590187117813
sensor_wifi,,4ae192f8-8fd0-49b8-a635-d006bd10ed27,19HL,,,1590187177842
sensor_wifi,,4ae192f8-8fd0-49b8-a635-d006bd10ed27,19HL,,,1590187237844
sensor_wifi,,4ae192f8-8fd0-49b8-a635-d006bd10ed27,19HL,,,1590187297811
sensor_wifi,,4ae192f8-8fd0-49b8-a635-d006bd10ed27,19HL,,,1590187357821
sensor_wifi,,4ae192f8-8fd0-49b8-a635-d006bd10ed27,19HL,,,1590187417785
sensor_wifi,,4ae192f8-8fd0-49b8-a635-d006bd10ed27,19HL,,,1590187477747
sensor_wifi,,4ae192f8-8fd0-49b8-a635-d006bd10ed27,19HL,,,1590187537767
sensor_wifi,,4ae192f8-8fd0-49b8-a635-d006bd10ed27,19HL,,,1590187597747
sensor_wifi,,4ae192f8-8fd0-49b8-a635-d006bd10ed27,19HL,,,1590187657843
sensor_wifi,,4ae192f8-8fd0-49b8-a635-d006bd10ed27,19HL,,,1590187717820
sensor_wifi,,4ae192f8-8fd0-49b8-a635-d006bd10ed27,19HL,,,1590187777789
sensor_wifi,,4ae192f8-8fd0-49b8-a635-d006bd10ed27,19HL,,,1590187837843
sensor_wifi,,4ae192f8-8fd0-49b8-a635-d006bd10ed27,19HL,,,1590187897750
sensor_wifi,,4ae192f8-8fd0-49b8-a635-d006bd10ed27,19HL,,,1590187957744
sensor_wifi,,4ae192f8-8fd0-49b8-a635-d006bd10ed27,19HL,,,1590188017836
sensor_wifi,,4ae192f8-8fd0-49b8-a635-d006bd10ed27,19HL,,,1590188077795
sensor_wifi,,4ae192f8-8fd0-49b8-a635-d006bd10ed27,19HL,,,1590188137842
sensor_wifi,,4ae192f8-8fd0-49b8-a635-d006bd10ed27,19HL,,,1590188197843
sensor_wifi,,4ae192f8-8fd0-49b8-a635-d006bd10ed27,19HL,,,1590188257835
sensor_wifi,,4ae192f8-8fd0-49b8-a635-d006bd10ed27,19HL,,,1590188317747
sensor_wifi,,4ae192f8-8fd0-49b8-a635-d006bd10ed27,19HL,,,1590188377742
sensor_wifi,,4ae192f8-8fd0-49b8-a635-d006bd10ed27,19HL,,,1590188437842
sensor_wifi,,4ae192f8-8fd0-49b8-a635-d006bd10ed27,19HL,,,1590188497833
sensor_wifi,,4ae192f8-8fd0-49b8-a635-d006bd10ed27,19HL,,,1590188557747
sensor_wifi,,4ae192f8-8fd0-49b8-a635-d006bd10ed27,19HL,,,1590188617747
sensor_wifi,,4ae192f8-8fd0-49b8-a635-d006bd10ed27,19HL,,,1590188677814
sensor_wifi,,4ae192f8-8fd0-49b8-a635-d006bd10ed27,19HL,,,1590188737842
sensor_wifi,,4ae192f8-8fd0-49b8-a635-d006bd10ed27,19HL,,,1590188797746
sensor_wifi,,4ae192f8-8fd0-49b8-a635-d006bd10ed27,19HL,,,1590188857746
sensor_wifi,,4ae192f8-8fd0-49b8-a635-d006bd10ed27,19HL,,,1590188917743
sensor_wifi,,4ae192f8-8fd0-49b8-a635-d006bd10ed27,19HL,,,1590188977841
sensor_wifi,,4ae192f8-8fd0-49b8-a635-d006bd10ed27,19HL,,,1590189037743
sensor_wifi,,4ae192f8-8fd0-49b8-a635-d006bd10ed27,19HL,,,1590189097746
sensor_wifi,,4ae192f8-8fd0-49b8-a635-d006bd10ed27,19HL,,,1590189157746
sensor_wifi,,4ae192f8-8fd0-49b8-a635-d006bd10ed27,19HL,,,1590189217754
sensor_wifi,,4ae192f8-8fd0-49b8-a635-d006bd10ed27,19HL,,,1590189277746
sensor_wifi,,4ae192f8-8fd0-49b8-a635-d006bd10ed27,19HL,,,1590189337746
sensor_wifi,,4ae192f8-8fd0-49b8-a635-d006bd10ed27,19HL,,,1590189397746
sensor_wifi,,4ae192f8-8fd0-49b8-a635-d006bd10ed27,19HL,,,1590189457822
sensor_wifi,,4ae192f8-8fd0-49b8-a635-d006bd10ed27,19HL,,,1590189517746
sensor_wifi,,4ae192f8-8fd0-49b8-a635-d006bd10ed27,19HL,,,1590189577746
sensor_wifi,,4ae192f8-8fd0-49b8-a635-d006bd10ed27,19HL,,,1590189637746
sensor_wifi,,4ae192f8-8fd0-49b8-a635-d006bd10ed27,19HL,,,1590189697746
sensor_wifi,,4ae192f8-8fd0-49b8-a635-d006bd10ed27,19HL,,,1590189757746
sensor_wifi,,4ae192f8-8fd0-49b8-a635-d006bd10ed27,19HL,,,1590189817835
sensor_wifi,,4ae192f8-8fd0-49b8-a635-d006bd10ed27,19HL,,,1590189877840
sensor_wifi,,4ae192f8-8fd0-49b8-a635-d006bd10ed27,19HL,,,1590189937832
sensor_wifi,,4ae192f8-8fd0-49b8-a635-d006bd10ed27,19HL,,,1590189997838
sensor_wifi,,4ae192f8-8fd0-49b8-a635-d006bd10ed27,19HL,,,1590190057832
sensor_wifi,,4ae192f8-8fd0-49b8-a635-d006bd10ed27,19HL,,,1590190117838
sensor_wifi,,4ae192f8-8fd0-49b8-a635-d006bd10ed27,19HL,,,1590190177835
sensor_wifi,,4ae192f8-8fd0-49b8-a635-d006bd10ed27,19HL,,,1590190237836
sensor_wifi,,4ae192f8-8fd0-49b8-a635-d006bd10ed27,19HL,,,1590190297791
sensor_wifi,,4ae192f8-8fd0-49b8-a635-d006bd10ed27,19HL,,,1590190357774
sensor_wifi,,4ae192f8-8fd0-49b8-a635-d006bd10ed27,19HL,,,1590190417806
sensor_wifi,,4ae192f8-8fd0-49b8-a635-d006bd10ed27,19HL,,,1590190477838
sensor_wifi,,4ae192f8-8fd0-49b8-a635-d006bd10ed27,19HL,,,1590190537742
sensor_wifi,,4ae192f8-8fd0-49b8-a635-d006bd10ed27,19HL,,,1590190597833
sensor_wifi,,4ae192f8-8fd0-49b8-a635-d006bd10ed27,19HL,,,1590190657825
sensor_wifi,,4ae192f8-8fd0-49b8-a635-d006bd10ed27,19HL,,,1590190717834
sensor_wifi,,4ae192f8-8fd0-49b8-a635-d006bd10ed27,19HL,,,1590190777806
sensor_wifi,,4ae192f8-8fd0-49b8-a635-d006bd10ed27,19HL,,,1590190837838
sensor_wifi,,4ae192f8-8fd0-49b8-a635-d006bd10ed27,19HL,,,1590190897843
sensor_wifi,,4ae192f8-8fd0-49b8-a635-d006bd10ed27,19HL,,,1590190957835
sensor_wifi,,4ae192f8-8fd0-49b8-a635-d006bd10ed27,19HL,,,1590191017839
sensor_wifi,,4ae192f8-8fd0-49b8-a635-d006bd10ed27,19HL,,,1590191077839
sensor_wifi,,4ae192f8-8fd0-49b8-a635-d006bd10ed27,19HL,,,1590191137838
sensor_wifi,,4ae192f8-8fd0-49b8-a635-d006bd10ed27,19HL,,,1590191197833
sensor_wifi,,4ae192f8-8fd0-49b8-a635-d006bd10ed27,19HL,,,1590191257840
sensor_wifi,,4ae192f8-8fd0-49b8-a635-d006bd10ed27,19HL,,,1590191317835
sensor_wifi,,4ae192f8-8fd0-49b8-a635-d006bd10ed27,19HL,,,1590191377744
sensor_wifi,,4ae192f8-8fd0-49b8-a635-d006bd10ed27,19HL,,,1590191437794
sensor_wifi,,4ae192f8-8fd0-49b8-a635-d006bd10ed27,19HL,,,1590191497839
sensor_wifi,,4ae192f8-8fd0-49b8-a635-d006bd10ed27,19HL,,,1590191557839
sensor_wifi,,4ae192f8-8fd0-49b8-a635-d006bd10ed27,19HL,,,1590191617839
sensor_wifi,,4ae192f8-8fd0-49b8-a635-d006bd10ed27,19HL,,,1590191677750
sensor_wifi,,4ae192f8-8fd0-49b8-a635-d006bd10ed27,19HL,,,1590191737839
sensor_wifi,,4ae192f8-8fd0-49b8-a635-d006bd10ed27,19HL,,,1590191797756
sensor_wifi,,4ae192f8-8fd0-49b8-a635-d006bd10ed27,19HL,,,1590191857839
sensor_wifi,,4ae192f8-8fd0-49b8-a635-d006bd10ed27,19HL,,,1590191917775
sensor_wifi,,4ae192f8-8fd0-49b8-a635-d006bd10ed27,19HL,,,1590191977778
